community,n_authors,n_texts,central_member,avg_vader_compound,avg_afinn,dominant_emotion,top_entity,interpretation
0,2,3,victoriangothic.bsky.social,-0.383,-2.0,surprise,,
1,49,54,squeakyllama.bsky.social,-0.017,-1.037,disgust,anne hathaway,
2,6,8,ebcollis.bsky.social,0.093,0.625,sadness,anne hathaway,
3,2,2,thatsparkles.bsky.social,0.255,0.5,anticipation,,
4,2,2,nikkipearl.bsky.social,0.632,1.0,sadness,andy,
5,2,3,tummy-aches.bsky.social,-0.092,-0.667,anger,adrian grenier,
6,4,5,xraynaqueen.bsky.social,0.077,-0.6,anticipation,hp,
7,6,13,sdzdc.bsky.social,0.098,-0.154,anticipation,colossal,
8,2,2,rekati.bsky.social,-0.34,-3.0,anger,,
9,11,19,prdnme.bsky.social,-0.011,-1.0,trust,a year,
