source,target,weight
08mms.bsky.social,broccolirob.gobirds.online,1
116flor.bsky.social,bobby1998.bsky.social,1
1800000burn.hyper.wang,ninejackals.bsky.social,1
27cansoftuna.bsky.social,chronolynx.bsky.social,1
2intheshinx.bsky.social,mattyb123.bsky.social,1
400vicezo.bsky.social,tagrevista.com,1
45382ud.bsky.social,mollyknight.bsky.social,1
4gr1d0c3.bsky.social,alertadetorrents.bsky.social,1
617to416.bsky.social,cjsprigman.bsky.social,1
7dreamondreamer.bsky.social,himbonotes.bsky.social,2
8bithe.art,symbo1ics.bsky.social,2
8bittripper.bsky.social,nicetopatrick.bsky.social,1
aarongrote.com,gravitysra1nbow.bsky.social,1
aaronlara.bsky.social,markgaybakes.bsky.social,1
aaubin.bsky.social,karenho.bsky.social,1
aavehannus.bsky.social,indrekibrus.bsky.social,1
abh93.bsky.social,gravitysra1nbow.bsky.social,1
absurdistscribbler.bsky.social,varindel.bsky.social,1
acetennisfan1.bsky.social,karu1402.bsky.social,1
adam-manx.bsky.social,chrsphr.uk,1
adamjewell.bsky.social,mauraquint.bsky.social,1
adamphoebe.neocities.org,chiron1.bsky.social,1
adamrutherford.bsky.social,cosmicshambles.com,1
adamzucker.bsky.social,zacharylesser.bsky.social,1
adtru.bsky.social,pinkponysub.bsky.social,1
afc5ever.bsky.social,prasshant.bsky.social,1
afishcalledwanda.bsky.social,shnopsdejesus.bsky.social,1
aftermark.bsky.social,rattatatouille.bsky.social,1
agreaternotion.bsky.social,squeakyllama.bsky.social,1
aguamineralfresca.bsky.social,samanthaballent.bsky.social,1
ahab.bsky.social,starlady38.bsky.social,1
aicdoesk.ink,motoridersd.pug.ninja,2
aishamcnamara.bsky.social,ricrus77.bsky.social,1
aisleseat.bsky.social,bpdreview.bsky.social,1
aitchemcee283.bsky.social,biggreenbooks.bsky.social,2
akelacooper.bsky.social,uncanny305.bandcamp.com,2
akoltchak.bsky.social,squeakyllama.bsky.social,1
alangrofield.bsky.social,gravitysra1nbow.bsky.social,1
albertoreale.bsky.social,hleehurley.com,1
alertadetorrents.bsky.social,4gr1d0c3.bsky.social,1
alertadetorrents.bsky.social,maserrano.bsky.social,1
alexanderchee.bsky.social,mattielubchansky.com,1
alexdualgrey.bsky.social,dnaforever.bsky.social,1
alexdualgrey.bsky.social,pinkponysub.bsky.social,2
alexdualgrey.bsky.social,popcrave.com,1
alexfreddo.bsky.social,venividicringy.eurosky.social,1
alexxremake.eurosky.social,manycura.bsky.social,1
alialiafro.bsky.social,generalboles.bsky.social,1
aliceolilly.bsky.social,cassiarowland.bsky.social,1
alicesoapbox.bsky.social,lotographia.bsky.social,1
alishaspillswine.bsky.social,sparklecinnabubz.bsky.social,1
alissawilkinson.bsky.social,ericdsnider.bsky.social,2
alissawilkinson.bsky.social,normiecore.bsky.social,1
alissawilkinson.bsky.social,permission2bfancy.bsky.social,1
alissawilkinson.bsky.social,platonskull.bsky.social,1
alissawilkinson.bsky.social,umaenot.bsky.social,1
alissawilkinson.bsky.social,whatsforlynch.bsky.social,1
allisonkilkenny.bsky.social,spkheller.bsky.social,1
allthingsdre.bsky.social,kikkiplanet.bsky.social,1
allthingsdre.bsky.social,popcrave.com,1
allysunne.bsky.social,azurebee.bsky.social,2
almostalt617.bsky.social,nickafterdark.bsky.social,1
alpinemigrant.bsky.social,generalboles.bsky.social,1
alsorae.bsky.social,theferocity.bsky.social,1
altaudge.bsky.social,fucklandlords.com,1
alttag.bsky.social,egg.indy.fyi,1
amanaboutfilm.bsky.social,moviemanifesto.bsky.social,1
amdo.bsky.social,nicetopatrick.bsky.social,1
amelianywhere.bsky.social,donmoyn.bsky.social,1
anarchyoriginal.bsky.social,catherineedgson.bsky.social,1
andreia-carbonari.bsky.social,porosensual.bsky.social,1
andreia-carbonari.bsky.social,renatabsales.bsky.social,1
andrewbeaumen.bsky.social,popcrave.com,1
andrewencer.bsky.social,johnmaddening.bsky.social,2
andyjunkins.bsky.social,wesleyleblanc.bsky.social,1
andymays.bsky.social,joparkerbear.bsky.social,1
anfieldkathy.bsky.social,elaineynwa.bsky.social,1
anfieldkathy.bsky.social,joannat.bsky.social,1
angelahjkim.bsky.social,brandonyan.com,1
anjaciske.bsky.social,silverandblonde.bsky.social,2
annakornbluh.bsky.social,rezekjoe.bsky.social,1
anntastic.bsky.social,trollyman.bsky.social,1
anoniv.bsky.social,dude3000.bsky.social,1
anthrotechana.bsky.social,tyrotcm.bsky.social,1
antlerlad.bsky.social,youcaughtscott.com,2
antnisp.bsky.social,saramchenry.bsky.social,1
anumation.bsky.social,ashlenasharma.bsky.social,1
aoife-rose.bsky.social,squeakyllama.bsky.social,1
aprillia.bsky.social,sorayanadiamcdonald.com,1
aranfalk.bsky.social,dresdencodak.com,1
archvillain.bsky.social,kcfennessy.bsky.social,1
arcobaleno-prisma.bsky.social,markgaybakes.bsky.social,1
arj0.bsky.social,cassiarowland.bsky.social,1
armakproductions.com,whmpodcast.bsky.social,1
arowla.bsky.social,scribblerrob.bsky.social,1
artadmirer.bsky.social,maxxfergus.bsky.social,1
artifactscott.bsky.social,gravitysra1nbow.bsky.social,1
artofcoop.bsky.social,mattielubchansky.com,1
ashleyrodrigues.bsky.social,popcrave.com,1
asterionhex.monster,softmossdog.bsky.social,1
athleticsfan314.bsky.social,leesahsea.bsky.social,2
athosnga5938.bsky.social,sachacoward.bsky.social,1
attentialluca.bsky.social,tomatematemate.bsky.social,1
aubreygilleran.bsky.social,retronymous.com,1
auntiemamelives.bsky.social,squeakyllama.bsky.social,1
auspices.bsky.social,hereliescorri.bsky.social,2
aussieinto.bsky.social,blackcatgarden.bsky.social,1
austintassletine.bsky.social,tintinteal.bsky.social,1
automaton4u.bsky.social,apnews.com,1
avicaeruleum.bsky.social,rezekjoe.bsky.social,1
awardswatch.bsky.social,lukevallewrites.bsky.social,1
azurebee.bsky.social,allysunne.bsky.social,2
babybillybfyre.bsky.social,lisasponaugle.bsky.social,1
baconflatbread.bsky.social,nixostorme.bsky.social,1
baddestdaddest.bsky.social,kvetch.gay,1
badgerbleu2.bsky.social,pinkmouse.bsky.social,1
baileymcc.bsky.social,fleerultra.bsky.social,1
bakesdeb.bsky.social,mollyknight.bsky.social,1
baldjameswin.bsky.social,lorritto.bsky.social,1
baldjameswin.bsky.social,popcrave.com,1
banblew.bsky.social,boykelly13.bsky.social,2
bara.bsky.social,willis-paints.bsky.social,1
baronfrosti.bsky.social,laffingbuddha.bsky.social,1
barrocoabsurdo.bsky.social,erudito78.bsky.social,1
bastbuxxx.bsky.social,markobau.bsky.social,1
battlejuice.bsky.social,funkelly.bsky.social,1
beacaicoya.bsky.social,theferocity.bsky.social,1
beamooo.bsky.social,spectralspade.org,1
beardynoise.bsky.social,leavittalone.bsky.social,1
beckalecka.bsky.social,polly-o.bsky.social,1
beckalecka.bsky.social,prdnme.bsky.social,1
beckalecka.bsky.social,squeakyllama.bsky.social,2
beckylevine.bsky.social,carriefinison.bsky.social,1
beemooney.bsky.social,zabusan.bsky.social,1
beerz4yearz.bsky.social,mattielubchansky.com,1
behindthefrequency.bsky.social,joanofbarc.bsky.social,1
bellabanana.bsky.social,apnews.com,1
bellabanana.bsky.social,floridaman.bsky.social,1
benjwey.bsky.social,sunflowerboy777.bsky.social,1
bertjim.bsky.social,ebcollis.bsky.social,1
bertjim.bsky.social,squeakyllama.bsky.social,1
bestbechdeltest.bsky.social,sacpedrohs.bsky.social,1
bettesays.bsky.social,johnmaddening.bsky.social,2
bigbadbuckley.bsky.social,cassiarowland.bsky.social,1
bigbootychris.bsky.social,rosserford.bsky.social,1
bigc-kc.bsky.social,nakedgeekguy.bsky.social,1
bigfattyonline.bsky.social,baronfrosti.bsky.social,1
biggreenbooks.bsky.social,aitchemcee283.bsky.social,1
bigjohn8.bsky.social,sunkissedpeaks.bsky.social,1
bigv8daddy.bsky.social,beefinboots.bsky.social,1
billdukehavingfun.bsky.social,guvna.bsky.social,3
billthepony.bsky.social,nicetopatrick.bsky.social,1
bjkeefe.bsky.social,nderringer.bsky.social,1
bksman9.bsky.social,motoridersd.pug.ninja,1
blackandgold.bsky.social,drewmagary.bsky.social,1
blackcatgarden.bsky.social,mockwooloo.bsky.social,1
blackforestcyclist.bsky.social,cskwriter.bsky.social,2
blacksnakemo.bsky.social,gravitysra1nbow.bsky.social,1
blake105.bsky.social,cesmustache.bsky.social,1
blake105.bsky.social,julywolfe.bsky.social,2
blakewashington.bsky.social,jordansmix.bsky.social,1
blogus.bsky.social,fleerultra.bsky.social,1
blueblondie48.bsky.social,popcrave.com,1
bluetit24.bsky.social,wildsown.bsky.social,1
bobertonbluesky.bsky.social,rezekjoe.bsky.social,1
bobscho.bsky.social,donmoyn.bsky.social,1
bollabai.bsky.social,deadweightlks.bsky.social,1
bonecarussa.bsky.social,andreia-carbonari.bsky.social,1
boondockingintheus.bsky.social,squeakyllama.bsky.social,1
boothoundmcr.bsky.social,motoridersd.pug.ninja,2
boriszee.bsky.social,fllicsofficial.bsky.social,1
boshyboo.bsky.social,oldbaby.bsky.social,1
bot-tan.suibari.com,queenrayna1337.bsky.social,1
boxofhamsters.bsky.social,castlechameleon.bsky.social,2
boxofhamsters.bsky.social,ricowtta.bsky.social,1
boykelly13.bsky.social,banblew.bsky.social,1
boykelly13.bsky.social,chakram84.bsky.social,1
boykelly13.bsky.social,watchtvalot.bsky.social,1
bozodeluxe.bsky.social,johnmaddening.bsky.social,1
bpdreview.bsky.social,aisleseat.bsky.social,2
braak.bsky.social,electriceden92.bsky.social,1
bradflint.bsky.social,letterboxd.social,1
bradytbh.bsky.social,makeitvyz.bsky.social,1
bradytbh.bsky.social,mushqoom.bsky.social,1
brainiackim.bsky.social,mollyknight.bsky.social,1
brandonyan.com,angelahjkim.bsky.social,1
breaksthings.bsky.social,ptklein.com,2
briancst.bsky.social,cassiarowland.bsky.social,1
brianstorms.bsky.social,thr.com,1
brianzitzelman.bsky.social,kcfennessy.bsky.social,1
bridgetemob.bsky.social,jsthrill.modphi.com,1
britta-no-filter.bsky.social,michaelgrossauthor.bsky.social,1
brlawrencelc.com,rezekjoe.bsky.social,1
brucerfeldman.bsky.social,tomilaffly.bsky.social,2
bruit.eurosky.social,kslater.bsky.social,1
bruross.bsky.social,popcrave.com,1
bsky.heenan.net,ricardoautobahn.co.uk,1
btnboy.bsky.social,rosserford.bsky.social,1
bttlborn.bsky.social,caiofall.bsky.social,1
buckaroosbonsai.bsky.social,thejlm.bsky.social,1
buckrawheat.bsky.social,karenho.bsky.social,1
buckrawheat.bsky.social,mattielubchansky.com,1
byron2284.bsky.social,martina47.bsky.social,1
caiofall.bsky.social,bttlborn.bsky.social,1
caiofall.bsky.social,paulino-gui.bsky.social,1
camcron.bsky.social,shipatadistance.bsky.social,1
cameronparker.bsky.social,feralstreeep.bsky.social,1
candiceactually.bsky.social,mst3katie.bsky.social,2
canhenha.bsky.social,mrsteed.bsky.social,1
captaindunsel.bsky.social,squeakyllama.bsky.social,1
captainmcwow.bsky.social,screamingdeadbody.bsky.social,1
car0linethais.bsky.social,cezarfig.bsky.social,2
carbonmade.bsky.social,playsbothsides.bsky.social,1
carl-gustav.bsky.social,nonotthatpaul.bsky.social,1
carl-gustav.bsky.social,onetruestephen.bsky.social,1
carriefinison.bsky.social,beckylevine.bsky.social,1
cassiemiu.bsky.social,tracklist.com.br,1
cassmorriswrites.com,dalyashleydrh2o.bsky.social,1
castlechameleon.bsky.social,boxofhamsters.bsky.social,2
catbus.phd,funkelly.bsky.social,1
catdaddytwo.bsky.social,film-authority.bsky.social,3
cate-evans4.bsky.social,prdnme.bsky.social,1
cathectic.bsky.social,sunkissedpeaks.bsky.social,1
catherineedgson.bsky.social,anarchyoriginal.bsky.social,1
cbdawson.bsky.social,bedform.org,1
ccdude8.bsky.social,squeakyllama.bsky.social,1
ceejopolis.bsky.social,ryanjapan743.bsky.social,1
cekent.bsky.social,upstating.bsky.social,1
celestemarx.bsky.social,apnews.com,1
cesar.fernandezcano.es,dianaaceves.com,1
cesmustache.bsky.social,mollyknight.bsky.social,1
cezarfig.bsky.social,car0linethais.bsky.social,1
cgrangertalley.bsky.social,ptklein.com,1
chacofemme.lesbian.cat,marisbumf.bsky.social,1
chakram84.bsky.social,boykelly13.bsky.social,1
chanellee.bsky.social,theferocity.bsky.social,1
changpowless.bsky.social,fleerultra.bsky.social,1
charcharjo6.bsky.social,squeakyllama.bsky.social,1
charleshock98.bsky.social,jeffreyb43.bsky.social,1
charlie987.bsky.social,bobby1998.bsky.social,1
chaseruni.bsky.social,flexdad.bsky.social,1
cheers464646.bsky.social,squeakyllama.bsky.social,1
chi85guy.bsky.social,boykelly13.bsky.social,1
chinajoeflynn.bsky.social,knickerbacker.bsky.social,1
chris-in-seattle.bsky.social,weekendwarrior.bsky.social,1
chrisafer.bsky.social,kvetch.gay,2
chrisair.itch.io,unenthuser.bsky.social,1
chrisdafer.bsky.social,mollyknight.bsky.social,1
chrislongview.bsky.social,rosserford.bsky.social,1
chrissayshi.bsky.social,viennabeef.social,1
christianarjonap.bsky.social,danixi.bsky.social,2
christinesayshi.bsky.social,mollyknight.bsky.social,1
christopherxci.blacksky.app,litop12.blacksky.app,1
christrekkin.bsky.social,rosserford.bsky.social,1
chronolynx.bsky.social,27cansoftuna.bsky.social,1
chubbycub1991.bsky.social,harmsen.net,1
cigar-boss.bsky.social,beefinboots.bsky.social,1
cinemacemanosdeluz.bsky.social,andreia-carbonari.bsky.social,1
cinemacemanosdeluz.bsky.social,aquelefilme.bsky.social,1
cinemacemanosdeluz.bsky.social,cnn-brasil.bsky.social,1
cinemacemanosdeluz.bsky.social,diegoquaglia.bsky.social,1
cinemacemanosdeluz.bsky.social,meumundopop.bsky.social,1
cinemacemanosdeluz.bsky.social,omelete.com.br,1
cinemacemanosdeluz.bsky.social,tagrevista.com,3
cinemacemanosdeluz.bsky.social,tecoapple.com,1
cinemacemanosdeluz.bsky.social,tracklist.com.br,1
cinemacemanosdeluz.bsky.social,ulti.com.br,2
cinemacemanosdeluz.bsky.social,wdragon.bsky.social,1
cinquinho.bsky.social,glitterburrito.bsky.social,1
citizenkris24.bsky.social,leesahsea.bsky.social,1
cjsprigman.bsky.social,stephendaedalus.bsky.social,1
cjterry.bsky.social,jorisbinned.bsky.social,1
clapifyoulikeme.favrd.social,erinbiba.bsky.social,1
clark84.eurosky.social,cassiarowland.bsky.social,1
claudiiiii.bsky.social,girlcinema.bsky.social,1
claudinhabc.bsky.social,vuintrieri.bsky.social,2
clinicalliz.bsky.social,fleerultra.bsky.social,1
clio2.bsky.social,rekati.bsky.social,1
cluniies.bsky.social,pinkbubblewitch.bsky.social,2
coachchron.com,eu-health.bsky.social,1
coko.bsky.social,therealjourneyman.bsky.social,1
colindickey.com,thecorlew.bsky.social,1
comedyclub4kids.bsky.social,davidstrathdee.bsky.social,1
comedyclub4kids.bsky.social,kateweb.bsky.social,3
comeonyou.bsky.social,squints.bsky.social,1
commanda4.bsky.social,squeakyllama.bsky.social,1
compoundsplural.bsky.social,kvetch.gay,2
conorsen.bsky.social,waningibbous.bsky.social,1
constancewhewchile.bsky.social,feralstreeep.bsky.social,1
copilotsx.bsky.social,lady-of-sorrows.bsky.social,1
corey0michaels.bsky.social,hereliescorri.bsky.social,2
coreyg2.bsky.social,teapotrabbit.bsky.social,1
cortomaltese77.bsky.social,euronews.com,1
cosmicshambles.com,adamrutherford.bsky.social,1
cozygayboy.bsky.social,nixostorme.bsky.social,1
crabbyaf.bsky.social,dbauer09.bsky.social,1
crabbyaf.bsky.social,gravitysra1nbow.bsky.social,1
crabme.at,apnews.com,1
crizvila.bsky.social,ladygaganow.net,1
crowleyelworc.bsky.social,fdefantasmas.bsky.social,1
csiwriter.bsky.social,pinkmouse.bsky.social,3
cskwriter.bsky.social,blackforestcyclist.bsky.social,2
csmith03.bsky.social,urban.bsky.social,1
cthompson36.bsky.social,dnaforever.bsky.social,1
cuntleyjune.bsky.social,sydney-bauer.com,1
currentlyquang.xyz,mgayultra.bsky.social,1
cursedfrogurt.bsky.social,mattbr.bsky.social,1
d2kemps.bsky.social,tklv.bsky.social,1
daddysahole.bsky.social,vidalporter.bsky.social,1
dadvids.bsky.social,spectralspade.org,1
dalyashleydrh2o.bsky.social,cassmorriswrites.com,2
dan-liu.net,paulnuk.eurosky.social,1
dangrey.bsky.social,gilesyb.bsky.social,2
danielsohege.bsky.social,ottocr.at,1
daninfragments.bsky.social,letterboxd.social,1
danixi.bsky.social,christianarjonap.bsky.social,3
danrather.bsky.social,dude3000.bsky.social,1
dantebanks.bsky.social,mrsbobhere.bsky.social,1
dantebanks.bsky.social,rmuird.bsky.social,1
danwaterfield.bsky.social,jorisbinned.bsky.social,1
daphne36.bsky.social,sinnamonscouture.bsky.social,1
daresaypj.bsky.social,imaginarygaychart.bsky.social,1
dariofelipe.bsky.social,netodojo.bsky.social,1
darksiderjd.bsky.social,daveyblahblah.bsky.social,1
darkwingmatt.bsky.social,markobau.bsky.social,1
darthming.bsky.social,pjr2.bsky.social,1
dartmouthdogs.bsky.social,nsdebbi.bsky.social,1
darwinwoodka.bsky.social,cassmorriswrites.com,1
davbatz.bsky.social,jdotj.bsky.social,1
dave-mueller.bsky.social,lisalueylutes.bsky.social,1
dave9bikes.bsky.social,cassiarowland.bsky.social,1
daveinlondon.bsky.social,cassiarowland.bsky.social,1
davethetentakil.bsky.social,ernieluckman.bsky.social,1
davewakeman.bsky.social,guvna.bsky.social,1
daveypretension.bsky.social,tjamesdobbin.bsky.social,1
daviddaniel.bsky.social,tomarmbruster.bsky.social,1
davidkuhne.bsky.social,p-no-nwa.bsky.social,1
davidkuhne.bsky.social,sarafoss.bsky.social,1
davidstrathdee.bsky.social,comedyclub4kids.bsky.social,1
dayzee634.bsky.social,contrariannews.org,1
dbauer09.bsky.social,crabbyaf.bsky.social,1
dcwritermark.bsky.social,originalsp.in,2
deborahstort.bsky.social,mollyknight.bsky.social,1
deedubs66.bsky.social,timgrierson.bsky.social,1
deepfocusreview.bsky.social,zoomzeta.blackskycomra.de,1
deftestleftist.bsky.social,nicetopatrick.bsky.social,1
delwynm.bsky.social,drjudymelinek.bsky.social,1
demadevotee.bsky.social,copilotsx.bsky.social,1
demadevotee.bsky.social,lady-of-sorrows.bsky.social,1
demontwunk9.bsky.social,yourprettyboy.bsky.social,1
desertdweller760.bsky.social,squeakyllama.bsky.social,1
deshocks.bsky.social,sullydaysleeper.bsky.social,2
destinysraven.bsky.social,jakobjarecki.bsky.social,1
dfa1976.bsky.social,film-authority.bsky.social,3
dianaaceves.com,elisatc.bsky.social,1
dianaaceves.com,vange-r.bsky.social,1
diasporaminnesotan.bsky.social,disabilitystor1.bsky.social,1
diasporaminnesotan.bsky.social,isaac32767.picknit.com,1
dick.tips,peristy.bsky.social,1
digforfire.bsky.social,macydaisy.bsky.social,1
disabilitystor1.bsky.social,diasporaminnesotan.bsky.social,1
discodaddy253.bsky.social,kikkiplanet.bsky.social,1
disneyoldsters.dissky.com,megadis13.dissky.com,1
djksays.bsky.social,weekendwarrior.bsky.social,1
djmaryaleescarlet.bsky.social,dresdencodak.com,1
dkub.dev,kvetch.gay,1
dmalignus.eurosky.social,mrsantiagus.bsky.social,1
dmlundeen.bsky.social,g-sharp-major.bsky.social,1
dmmo.bsky.social,nicktyde.bsky.social,1
dnaforever.bsky.social,alexdualgrey.bsky.social,1
dnaforever.bsky.social,janicefilms.bsky.social,1
dnaforever.bsky.social,mattysupreme.bsky.social,1
docfrednbg.bsky.social,spiegel.de,1
docstock.bsky.social,fleerultra.bsky.social,1
doctordom.bsky.social,demontwunk9.bsky.social,1
doctordom.bsky.social,ptklein.com,1
dolpher.bsky.social,tintinteal.bsky.social,1
dominustempori.bsky.social,sachacoward.bsky.social,1
donnairl.bsky.social,leoie.bsky.social,2
dougystyle.bsky.social,rexs1gma.bsky.social,1
dr-ohm.bsky.social,squeakyllama.bsky.social,1
dr4gula.bsky.social,bonecarussa.bsky.social,1
dr4gula.bsky.social,frankenputo.is-extremely.gay,1
drdauwg.bsky.social,kaizhen.bsky.social,1
drdjkhaledmd.bsky.social,thr.com,1
drewmakesmovies.bsky.social,popcrave.com,1
drewpowell123.bsky.social,schmanthonyp.bsky.social,1
drjudymelinek.bsky.social,delwynm.bsky.social,1
drmikeis.bsky.social,squallleonshart.bsky.social,1
druidlloydnk.bsky.social,mcclellandshane.bsky.social,1
dubbaewwteeeff.bsky.social,fleerultra.bsky.social,1
dude3000.bsky.social,danrather.bsky.social,1
dykehollander.bsky.social,komishits.bsky.social,1
dylansocal.bsky.social,popcrave.com,1
dynode.eurosky.social,symbo1ics.bsky.social,1
dystopianprophet.bsky.social,apnews.com,1
ebcollis.bsky.social,bertjim.bsky.social,1
ebcollis.bsky.social,squeakyllama.bsky.social,1
eddieprinceton.bsky.social,hereliescorri.bsky.social,1
edginguptown.bsky.social,mrsteed.bsky.social,1
edn-a.bsky.social,sleepinggiantsbr.bsky.social,1
eenie22.swifties.social,reptvswifties.bsky.social,1
eepybruh.bsky.social,ptklein.com,1
egg.indy.fyi,g-sharp-major.bsky.social,1
ehaid.bsky.social,shelleybwoke.bsky.social,1
ehs06702.blacksky.app,polly-o.bsky.social,1
elainecrory.bsky.social,hleehurley.com,1
elaineynwa.bsky.social,anfieldkathy.bsky.social,2
eldritchmoon.love,millenniumasakura.bsky.social,1
eleder.frikiverse.zone.ap.brid.gy,tferrer.journa.host.ap.brid.gy,1
elgatonyc.bsky.social,newyorker.com,1
elisatc.bsky.social,dianaaceves.com,2
ellienchanted.bsky.social,judeking.bsky.social,1
elusivejay.bsky.social,nicetopatrick.bsky.social,1
emilyelle.bsky.social,hannahswiv.bsky.social,1
emilyonhere.gay,everyfilmnow.bsky.social,1
emmasculating.bsky.social,fleerultra.bsky.social,1
endipendipen.bsky.social,methyew.bsky.social,1
endipendipen.bsky.social,princeiiro.bsky.social,1
englishzzrfan.bsky.social,kelleygreene.bsky.social,1
ensigncelery.bsky.social,sombramapache.bsky.social,1
ep870.bsky.social,popculture2000s.bsky.social,1
ericdsnider.bsky.social,alissawilkinson.bsky.social,1
ericgarment.bsky.social,glitterburrito.bsky.social,1
ericnpa.bsky.social,mattysupreme.bsky.social,1
erinbiba.bsky.social,clapifyoulikeme.favrd.social,2
erincook.bsky.social,halpocalypse.bsky.social,1
ernieluckman.bsky.social,neverendingjim.bsky.social,1
erudito78.bsky.social,barrocoabsurdo.bsky.social,1
erudito78.bsky.social,merllo.bsky.social,2
erudito78.bsky.social,pablopablete81.bsky.social,1
erudito78.bsky.social,velcroypelusa.eurosky.social,1
erudito78.bsky.social,zerosjb.bsky.social,1
esthercvtbts.bsky.social,ninas1lva.bsky.social,1
estrelita13.bsky.social,susanfromontario.bsky.social,1
ethanrunt.bsky.social,markharrison.bsky.social,1
evilcheltdevil.bsky.social,leewilliamdesigns.bsky.social,1
expret.org,palkopalko.bsky.social,1
fairlysilent.bsky.social,lady-of-sorrows.bsky.social,1
fakeplasticruby.bsky.social,swissepfan.bsky.social,2
farmfagfreakflags.bsky.social,pupwintermpls.bsky.social,1
fayecrooks.bsky.social,kikkiplanet.bsky.social,1
fdefantasmas.bsky.social,crowleyelworc.bsky.social,1
felface.bsky.social,cassiarowland.bsky.social,1
feralstreeep.bsky.social,overstatedpathos.bsky.social,1
feralstreeep.bsky.social,snipy.bsky.social,1
fictionwriternc.bsky.social,nikkipearl.bsky.social,1
film-authority.bsky.social,catdaddytwo.bsky.social,3
film-authority.bsky.social,dfa1976.bsky.social,3
film-authority.bsky.social,flashtastic.bsky.social,4
film-authority.bsky.social,georgeswan.bsky.social,2
film-authority.bsky.social,linda0989.bsky.social,1
film-authority.bsky.social,me-nancy.bsky.social,2
film-authority.bsky.social,smillapanfur.bsky.social,2
film-authority.bsky.social,thecatgang3.bsky.social,1
film-authority.bsky.social,treesofgreen.bsky.social,1
film-authority.bsky.social,upvotegreyhounds.bsky.social,5
filmbrainbmb.bsky.social,zuegex.bsky.social,1
filmvenn.bsky.social,lcandreassen.bsky.social,1
finalgirlboss.bsky.social,thrasherxy.bsky.social,2
finnhoya.bsky.social,tonymcpan.bsky.social,1
firebirdmaximus.bsky.social,filmbrainbmb.bsky.social,1
flashtastic.bsky.social,film-authority.bsky.social,4
flawedfacade.blacksky.app,javeauriel.blacksky.app,1
fleaingdogfella.bsky.social,donmoyn.bsky.social,1
fleerultra.bsky.social,blogus.bsky.social,1
fleerultra.bsky.social,formeresq.bsky.social,2
fleerultra.bsky.social,peristy.bsky.social,1
fleerultra.bsky.social,topherbrennan.bsky.social,1
flexdad.bsky.social,chaseruni.bsky.social,1
flickerbucket.bsky.social,workofwrestling.bsky.social,2
floridaman.bsky.social,apnews.com,1
floridaman.bsky.social,bellabanana.bsky.social,1
floridaman.bsky.social,rosemmalove.bsky.social,1
floridaman.bsky.social,tinpottop.bsky.social,1
flowers36.bsky.social,silentbrouhaha.bsky.social,1
fokised1.blacksky.app,raymondlamar.blacksky.app,1
formeresq.bsky.social,fleerultra.bsky.social,2
francylene.bsky.social,lisquercafe.bsky.social,1
frankbascombe.bsky.social,newyorker.com,1
frankenputo.is-extremely.gay,dr4gula.bsky.social,1
freebooteryyj.bsky.social,beefinboots.bsky.social,1
friendlywraith.bsky.social,matchatrees.bsky.social,1
friendlywraith.bsky.social,sebastienlabelle.bsky.social,1
fritzviva.bsky.social,sachacoward.bsky.social,1
fucklandlords.com,altaudge.bsky.social,2
funnywes.online,winonaparadise.bsky.social,1
furnace.bsky.social,sorayanadiamcdonald.com,1
g-sharp-major.bsky.social,hopheadless.bsky.social,1
g-sharp-major.bsky.social,jcc333.bsky.social,1
gabagoolers.bsky.social,mollyknight.bsky.social,1
gabjet.bsky.social,dresdencodak.com,1
gabnat.bsky.social,squeakyllama.bsky.social,1
gaffa.bsky.social,lab-reports.bsky.social,1
gaffa.bsky.social,sdzdc.bsky.social,1
gambitlucis.bsky.social,macydaisy.bsky.social,1
gavenkind.bsky.social,cowbwz4793.bsky.social,1
gavia.bsky.social,smread.bsky.social,1
gavia.bsky.social,stan-fresh.bsky.social,1
gaylord.pink,markgaybakes.bsky.social,1
gaymerdancer.bsky.social,nixostorme.bsky.social,1
gaynw.bsky.social,nakedgeekguy.bsky.social,1
gayofthedead.bsky.social,mistaketheory.bsky.social,1
gayyyperson.bsky.social,pinkponysub.bsky.social,1
gazamcnulty.bsky.social,macydaisy.bsky.social,1
gbsills.bsky.social,irishstar.com,1
generalboles.bsky.social,ottocr.at,1
geodrewmi.bsky.social,markobau.bsky.social,2
georgeous.one,goldengaytime.bsky.social,1
georgeswan.bsky.social,film-authority.bsky.social,2
gersande.com,razorfemme.bsky.social,1
ghostingdani.bsky.social,fleerultra.bsky.social,1
gigawattconduit.blacksky.app,stupidartpunk.bsky.social,1
gilesyb.bsky.social,dangrey.bsky.social,1
glennrunn.bsky.social,filmstories.bsky.social,1
glennyfromtheblock.bsky.social,mattysupreme.bsky.social,1
glimmerstomp.bsky.social,pafcakes.bsky.social,1
glimmerstomp.bsky.social,regoneth.bsky.social,1
glitterburrito.bsky.social,cinquinho.bsky.social,1
glitterburrito.bsky.social,theluckysharms.bsky.social,1
glittery-nails.bsky.social,theferocity.bsky.social,1
glowingskeleton.bsky.social,winonaparadise.bsky.social,1
goatoverlord.bsky.social,kadath.bsky.social,1
godeep.bsky.social,squeakyllama.bsky.social,1
goforproduction.bsky.social,nicetopatrick.bsky.social,1
goji.standingintheodds.com,winonaparadise.bsky.social,1
goldcrapp.bsky.social,kvetch.gay,1
goldsquid.bsky.social,bobchipman.bsky.social,1
gonzaegonza91.bsky.social,cinephile25.bsky.social,1
gooberbb.bsky.social,jaydasmiff.me,1
goodboy.bsky.social,leavittalone.bsky.social,1
goodknight70.bsky.social,squeakyllama.bsky.social,1
goodwithcolour.tootr.co.ap.brid.gy,repeattofa.de,1
gooner63.bsky.social,youcaughtscott.com,1
gothicfirekitteh.bsky.social,squeakyllama.bsky.social,1
gravitysra1nbow.bsky.social,alangrofield.bsky.social,1
gravitysra1nbow.bsky.social,kenmegalopsuxos.bsky.social,1
gravitysra1nbow.bsky.social,ryanjapan743.bsky.social,1
greenhombre.bsky.social,nicetopatrick.bsky.social,1
gregorynorminton.bsky.social,generalboles.bsky.social,1
grief-enduring.bsky.social,feralstreeep.bsky.social,1
grudgingsignup.bsky.social,hleehurley.com,1
gshans.bsky.social,fleerultra.bsky.social,1
guabilang.bsky.social,popcrave.com,1
guimaraujo.bsky.social,psjuniorfotos.bsky.social,1
guimaraujo.bsky.social,renattto.bsky.social,1
guimaraujo.bsky.social,wbramos.bsky.social,1
guvna.bsky.social,billdukehavingfun.bsky.social,4
gw161irish.bsky.social,prdnme.bsky.social,1
gw161irish.bsky.social,squeakyllama.bsky.social,1
gypitneep.bsky.social,squeakyllama.bsky.social,1
hailthesun.bsky.social,lady-of-sorrows.bsky.social,2
hairybear65.bsky.social,ptklein.com,1
hals517.bsky.social,mitchpeotter.bsky.social,1
hamletisdead.bsky.social,patman.bsky.social,1
hannahswiv.bsky.social,vincent.northsky.social,1
harbingerofchaos.bsky.social,drdauwg.bsky.social,1
harbingerofchaos.bsky.social,snhoj.bsky.social,1
hardcarriehey.bsky.social,kencometrue31.bsky.social,1
haredurer.bsky.social,leavittalone.bsky.social,1
harriet75.bsky.social,solzyatthemovies.com,1
hartleysiddenj.bsky.social,xraynaqueen.bsky.social,1
heathermuse.bsky.social,theferocity.bsky.social,1
heatherw25.bsky.social,megadis13.dissky.com,1
hedgoe.bsky.social,queerde.bsky.social,1
helenrottier.bsky.social,kizzythechemist.bsky.social,1
helmith07.bsky.social,rakerblaze.bsky.social,1
henrybernstein.bsky.social,reptvswifties.bsky.social,1
herbstwebber.bsky.social,iamstephanie58.bsky.social,2
hereliescorri.bsky.social,auspices.bsky.social,1
hereliescorri.bsky.social,corey0michaels.bsky.social,1
hereliescorri.bsky.social,eddieprinceton.bsky.social,1
hereliescorri.bsky.social,lilemil.bsky.social,1
hereliescorri.bsky.social,melanieraye89.bsky.social,1
hereliescorri.bsky.social,nanaslugdiva.blacksky.app,1
hereliescorri.bsky.social,renbolger.bsky.social,3
hereliescorri.bsky.social,ryanlohner.bsky.social,1
hermeswalkingshoes.bsky.social,comicbasics.com,1
heyjaeee.bsky.social,jcov.bsky.social,1
highashope13.bsky.social,diflaversham.bsky.social,1
highway62.bsky.social,stupidartpunk.bsky.social,1
hilarian.bsky.social,uncannyrodders.bsky.social,1
hilarieashton.bsky.social,kimbivega.bsky.social,1
hilarieashton.bsky.social,mattielubchansky.com,1
himbonotes.bsky.social,7dreamondreamer.bsky.social,1
himbonotes.bsky.social,sheriffofgay.bsky.social,2
himmelhoch.bsky.social,queerde.bsky.social,1
hipsterl0s.bsky.social,meister.bsky.social,1
hitmypeakat7ft.swifties.social,theswiftalchemy.swifties.social,2
hjuliette.bsky.social,smallbonsai471.bsky.social,1
hleehurley.com,stephaniejane.bsky.social,1
hollywooddfpd.bsky.social,fleerultra.bsky.social,1
hopheadless.bsky.social,g-sharp-major.bsky.social,1
horneronmain.bsky.social,pajiba.com,1
horobisan.bsky.social,hexhound.bsky.social,1
hotbbui.bsky.social,wannabee80.bsky.social,2
hristaki.bsky.social,stephenarussell.bsky.social,1
huggingbugs.bsky.social,azurebee.bsky.social,1
hungryfool.bsky.social,sachacoward.bsky.social,1
hvs.bsky.social,donmoyn.bsky.social,1
hynkel.bsky.social,likeazombie.bsky.social,1
iamadoeable.bsky.social,kadath.bsky.social,1
iamiysha.bsky.social,originalsp.in,1
iamstephanie58.bsky.social,herbstwebber.bsky.social,2
iamyou84.bsky.social,stephaniejane.bsky.social,1
iangorrie.bsky.social,adamrutherford.bsky.social,1
ianstev91.bsky.social,cassiarowland.bsky.social,1
idajo.bsky.social,popcrave.com,1
idkman159.swifties.social,mutablesoul.bsky.social,1
iedamarcondes.com,alissawilkinson.bsky.social,1
ifimryanimdyin.bsky.social,discussingfilm.net,1
ilmarinen7.bsky.social,cassiarowland.bsky.social,1
iloli.eurosky.social,bastidrs.bsky.social,1
imaaronrobert.bsky.social,pinkponysub.bsky.social,1
imaginarygaychart.bsky.social,daresaypj.bsky.social,1
imajerk.bsky.social,squeakyllama.bsky.social,1
imgayerthanyouare.bsky.social,thr.com,1
incision.site,sammie.gay,2
incognitopisces.bsky.social,pjr2.bsky.social,1
indigo-k.com,dresdencodak.com,1
infiniteishq.bsky.social,myedison.bsky.social,1
internettrey.bsky.social,schmanthonyp.bsky.social,1
irishwol.bsky.social,hleehurley.com,1
isaac32767.picknit.com,diasporaminnesotan.bsky.social,1
isaacgantwerkmayer.bsky.social,michaelflinn.bsky.social,1
isaacgm73.bsky.social,christianarjonap.bsky.social,2
issabussae.bsky.social,owwenex.bsky.social,1
its-its.bsky.social,nancyk5.bsky.social,1
itsmelikewhoa.bsky.social,popcrave.com,1
itsmitch03.bsky.social,vamospeat.bsky.social,1
itsrickypnw.bsky.social,nixostorme.bsky.social,1
ivyinmyheart.bsky.social,macydaisy.bsky.social,1
iwilljinx.bsky.social,maxxfergus.bsky.social,1
izenteeth.bsky.social,fictionhorizon.bsky.social,1
j3zz-g.bsky.social,shelleybwoke.bsky.social,1
jacke.bsky.social,apnews.com,1
jahsounds.bsky.social,ebcollis.bsky.social,1
jakeremix.bsky.social,popcrave.com,1
jakobjarecki.bsky.social,destinysraven.bsky.social,1
jamalgreene.bsky.social,fleerultra.bsky.social,1
jamesdoyle1983.bsky.social,huffpost.com,1
jameslrennie.bsky.social,thomasfelpersham.bsky.social,1
jamiesharp.bsky.social,handle.invalid,1
janicefilms.bsky.social,dnaforever.bsky.social,1
javeauriel.blacksky.app,flawedfacade.blacksky.app,2
jawndoe.bsky.social,funkelly.bsky.social,1
jawstudios.bsky.social,letterboxd.social,1
jayabita.bsky.social,changoatx.bsky.social,1
jayasaxena.com,tylercoates.bsky.social,1
jaydasmiff.me,gooberbb.bsky.social,2
jayellcee12.bsky.social,filmbrainbmb.bsky.social,1
jayzedbee.bsky.social,jorisbinned.bsky.social,1
jazzrat2000.bsky.social,squeakyllama.bsky.social,1
jcc333.bsky.social,gravitysra1nbow.bsky.social,1
jdcarpentieri.bsky.social,generalboles.bsky.social,1
jduvalsmith.bsky.social,cassiarowland.bsky.social,1
jeepsahara4643.bsky.social,gaynw.bsky.social,1
jeffreyb43.bsky.social,lulzqurrel.bsky.social,1
jeffreyb43.bsky.social,shadowtodd.bsky.social,1
jeffreyb43.bsky.social,southernman48.bsky.social,1
jenejareth.bsky.social,squeakyllama.bsky.social,1
jeninmotion.bsky.social,jkfecke.bsky.social,1
jeninmotion.bsky.social,omfproductions.bsky.social,1
jennie-ess.bsky.social,squeakyllama.bsky.social,1
jennymckinnon.bsky.social,hleehurley.com,1
jeppa1.bsky.social,stereogum.com,1
jeronimo80.bsky.social,nytimes.com,1
jerseyboy95.bsky.social,pinkponysub.bsky.social,1
jessicamosby.bsky.social,seanhoyer.bsky.social,1
jeymien.bsky.social,kikkiplanet.bsky.social,1
jhbancroft.bsky.social,mollyjongfast.bsky.social,1
jillongovt.bsky.social,cassiarowland.bsky.social,1
jimbpa.bsky.social,kikkiplanet.bsky.social,1
jimmycraig42.bsky.social,squeakyllama.bsky.social,1
jirachi.bsky.social,patrickwb95.bsky.social,1
jjjuv.bsky.social,bttlborn.bsky.social,1
jkfecke.bsky.social,jeninmotion.bsky.social,1
jkfecke.bsky.social,omfproductions.bsky.social,3
jkfecke.bsky.social,spryoldlorax.bsky.social,1
jmill26.bsky.social,thejrocktv.bsky.social,1
jmrivera.bsky.social,lexplays.bsky.social,1
joannat.bsky.social,anfieldkathy.bsky.social,1
jockd.bsky.social,squeakyllama.bsky.social,1
joereid.bsky.social,rilaws.bsky.social,1
joeybee12.bsky.social,gregoryellwood.bsky.social,1
johnaking.bsky.social,adamrutherford.bsky.social,1
johnmaddening.bsky.social,andrewencer.bsky.social,2
johnmaddening.bsky.social,bettesays.bsky.social,2
johnmaddening.bsky.social,bozodeluxe.bsky.social,1
johnnyninefingers.bsky.social,cassiarowland.bsky.social,1
johnw60.bsky.social,cassiarowland.bsky.social,1
jona-maz.bsky.social,kimbivega.bsky.social,1
jona-maz.bsky.social,nicetopatrick.bsky.social,1
jona-maz.bsky.social,upstating.bsky.social,1
jondvchbimble.bsky.social,samwell-slughorn.bsky.social,1
jonhendry.bsky.social,cassiarowland.bsky.social,1
jonjon85.bsky.social,puesyanimodo.bsky.social,3
jonlikestoys.bsky.social,thedragonfortress.bsky.social,1
joodlehead.bsky.social,ptklein.com,1
joodlehead.bsky.social,sebastienlabelle.bsky.social,2
joparkerbear.bsky.social,nicetopatrick.bsky.social,1
jordanpfot.bsky.social,jorisbinned.bsky.social,1
jordanpfot.bsky.social,queerash.bsky.social,1
jordansmix.bsky.social,ptklein.com,1
jorisbinned.bsky.social,danwaterfield.bsky.social,1
jorisbinned.bsky.social,jayzedbee.bsky.social,1
jorisbinned.bsky.social,jordanpfot.bsky.social,1
jorisbinned.bsky.social,queerash.bsky.social,2
josephexists.bsky.social,rosserford.bsky.social,2
josephhall.org,dailyrunway.bsky.social,1
joshidotphoto.bsky.social,motoridersd.pug.ninja,1
jovenitti.bsky.social,dirediredocks.bsky.social,1
jpmendis.bsky.social,cassiarowland.bsky.social,1
jrparham.bsky.social,jamnpp.bsky.social,1
jsthrill.modphi.com,bridgetemob.bsky.social,3
jtangeles.bsky.social,yourprettyboy.bsky.social,1
jtforde518.bsky.social,mollyknight.bsky.social,1
juankamix.bsky.social,samanthaballent.bsky.social,1
judeking.bsky.social,ellienchanted.bsky.social,2
julesprom.bsky.social,transmoleman.bsky.social,1
juliafnp.bsky.social,mollyknight.bsky.social,1
juliancampos.bsky.social,zytgst.bsky.social,3
julywolfe.bsky.social,blake105.bsky.social,1
julywolfe.bsky.social,mollyknight.bsky.social,1
jumancin.bsky.social,willian1975.bsky.social,1
junglistmastiff.bsky.social,therealjourneyman.bsky.social,1
just--bruno.bsky.social,squeakyllama.bsky.social,1
jztidecat.bsky.social,ninametz.bsky.social,1
kai.lucasbaradan.com,gravitysra1nbow.bsky.social,1
kaimatai.bsky.social,kikkiplanet.bsky.social,1
kaizhen.bsky.social,nicetopatrick.bsky.social,1
karenho.bsky.social,aaubin.bsky.social,1
karenho.bsky.social,rachelsklar.bsky.social,1
karenho.bsky.social,whattheshea.bsky.social,1
karinafjp.bsky.social,zyfez.bsky.social,2
karu1402.bsky.social,acetennisfan1.bsky.social,1
karu1402.bsky.social,ricrus77.bsky.social,1
kateallen.ft.com,cassiarowland.bsky.social,1
kateweb.bsky.social,comedyclub4kids.bsky.social,3
katherineargent.com,sorayanadiamcdonald.com,1
katiewillden.bsky.social,ericdsnider.bsky.social,1
katinadavis.bsky.social,lemurtanis.bsky.social,1
katzish.bsky.social,clarajeffery.bsky.social,1
keithgdesigns.bsky.social,thirdsandsixths.bsky.social,3
kenjimallon.bsky.social,rosserford.bsky.social,1
kenk1980.bsky.social,akelacooper.bsky.social,1
kenmegalopsuxos.bsky.social,gravitysra1nbow.bsky.social,1
kenmegalopsuxos.bsky.social,onetruestephen.bsky.social,1
kennyf1283.bsky.social,aliceolilly.bsky.social,1
kikkiplanet.bsky.social,fayecrooks.bsky.social,1
kikkiplanet.bsky.social,scottlapstra.bsky.social,1
kimbivega.bsky.social,hilarieashton.bsky.social,1
kimbivega.bsky.social,jona-maz.bsky.social,1
kimbivega.bsky.social,nicetopatrick.bsky.social,2
kircheis.bsky.social,winonaparadise.bsky.social,1
kiwinomad06.bsky.social,adamrutherford.bsky.social,1
kizzythechemist.bsky.social,helenrottier.bsky.social,1
kkempen.bsky.social,mollyknight.bsky.social,1
klavierherz.eurosky.social,erudito78.bsky.social,1
koeniginkatze.bsky.social,thewillarowe.bsky.social,1
komishits.bsky.social,dykehollander.bsky.social,1
ktmuse.bsky.social,thegeekiary.bsky.social,1
kutthroat2.bsky.social,christopherxci.blacksky.app,1
kutthroat2.bsky.social,litop12.blacksky.app,1
kvetch.gay,chrisafer.bsky.social,1
kvetch.gay,compoundsplural.bsky.social,2
kvetch.gay,dkub.dev,1
kvetch.gay,goldcrapp.bsky.social,1
kvetch.gay,pyry.lutefisk.online,2
kwh561.cryptoanarchy.network,popcrave.com,1
kwilliamsmedia.bsky.social,mollyknight.bsky.social,1
kxdyn.bsky.social,thirdsandsixths.bsky.social,1
lab-reports.bsky.social,squeakyllama.bsky.social,1
labbla.bsky.social,letterboxd.social,1
labeautenoire3.bsky.social,shebjammin.blacksky.app,1
labeautenoire3.bsky.social,taastee.blacksky.app,1
lacodefita.bsky.social,moutix2.bsky.social,4
lady-of-sorrows.bsky.social,copilotsx.bsky.social,1
lady-of-sorrows.bsky.social,demadevotee.bsky.social,1
lady-of-sorrows.bsky.social,fairlysilent.bsky.social,1
lady-of-sorrows.bsky.social,hailthesun.bsky.social,1
lady-of-sorrows.bsky.social,lovely-lover.bsky.social,1
lady-of-sorrows.bsky.social,matchmyfrequency.bsky.social,1
lady-of-sorrows.bsky.social,pajamapilots.bsky.social,2
lady-of-sorrows.bsky.social,sleepypilots.bsky.social,1
lady-of-sorrows.bsky.social,thelittleoutsider.neocities.org,1
ladyfoxglove93.bsky.social,squeakyllama.bsky.social,1
ladykatya4.bsky.social,pinkponysub.bsky.social,1
ladymidath.bsky.social,shadyboots81.bsky.social,1
laffingbuddha.bsky.social,baronfrosti.bsky.social,1
lalocked.bsky.social,motoridersd.pug.ninja,1
larelli.bsky.social,theferocity.bsky.social,2
lasdelpulpo.bsky.social,dianaaceves.com,1
lastminutegoal.bsky.social,prasshant.bsky.social,1
latemandy.rwrb.social,cbbeauty2.bsky.social,1
latinkraken.bsky.social,lyratalise.bsky.social,1
latinkraken.bsky.social,scotgalalex.bsky.social,1
lcandreassen.bsky.social,filmvenn.bsky.social,1
leavittalone.bsky.social,beardynoise.bsky.social,1
leavittalone.bsky.social,benwritesthings.bsky.social,1
leesahsea.bsky.social,athleticsfan314.bsky.social,2
leesahsea.bsky.social,citizenkris24.bsky.social,1
leewilliamdesigns.bsky.social,evilcheltdevil.bsky.social,1
legutz.bsky.social,mstewartsloan.bsky.social,1
lemurtanis.bsky.social,katinadavis.bsky.social,1
lena221.bsky.social,spiegel.de,1
leohorishny.bsky.social,squeakyllama.bsky.social,1
leoie.bsky.social,donnairl.bsky.social,1
leojesus.bsky.social,filipksu.bsky.social,1
leojesus.bsky.social,philliper.bsky.social,1
leowulf.bsky.social,sachacoward.bsky.social,1
lepetitereboot.bsky.social,moreandagain.me,1
lephys.bsky.social,macydaisy.bsky.social,1
leslieludanyi.bsky.social,lolafaglana.bsky.social,1
levimsmsmsm.bsky.social,frankenputo.is-extremely.gay,1
lexplays.bsky.social,jmrivera.bsky.social,1
lezluthor.bsky.social,gregoryellwood.bsky.social,1
libbotomy.bsky.social,rickhammertime.bsky.social,1
libramonkee.bsky.social,mcclellandshane.bsky.social,1
likeazombie.bsky.social,marinal1411.bsky.social,1
lilemil.bsky.social,hereliescorri.bsky.social,1
linda0989.bsky.social,film-authority.bsky.social,2
lindavt.bsky.social,squeakyllama.bsky.social,1
linuskk.bsky.social,popcrave.com,1
lisann57.bsky.social,squeakyllama.bsky.social,1
lisasponaugle.bsky.social,patman.bsky.social,1
lisquercafe.bsky.social,francylene.bsky.social,1
litop12.blacksky.app,christopherxci.blacksky.app,2
litop12.blacksky.app,kutthroat2.bsky.social,1
litop12.blacksky.app,nygem.blacksky.app,1
littlegino.bsky.social,formeresq.bsky.social,1
livesantacruz.bsky.social,squeakyllama.bsky.social,1
livesantacruz.bsky.social,victoriangothic.bsky.social,1
lizrummy.bsky.social,formeresq.bsky.social,1
liztruss.bsky.social,pinkponysub.bsky.social,1
lizzycampbell.bsky.social,adrianhon.bsky.social,1
lj-mi.bsky.social,theferocity.bsky.social,1
lobosificado.bsky.social,zerosjb.bsky.social,1
lockedbottom.com,daddysahole.bsky.social,1
lockyer.bsky.social,mollyknight.bsky.social,1
lohaddotcom.bsky.social,squeakyllama.bsky.social,1
lolafaglana.bsky.social,leslieludanyi.bsky.social,1
lolaura55.bsky.social,funkelly.bsky.social,1
longrules.bsky.social,rezekjoe.bsky.social,1
lookniimyeyez.bsky.social,nygem.blacksky.app,2
lordbusinessman.bsky.social,aubreygilleran.bsky.social,1
lordbusinessman.bsky.social,gravitysra1nbow.bsky.social,1
lordbusinessman.bsky.social,retronymous.com,1
lordfunkyfist.bsky.social,kadath.bsky.social,1
lorritto.bsky.social,baldjameswin.bsky.social,1
lotographia.bsky.social,alicesoapbox.bsky.social,1
lotographia.bsky.social,nzpom.com,1
louis88.bsky.social,trishmelbourne.bsky.social,1
lovely-lover.bsky.social,lady-of-sorrows.bsky.social,1
lsaclassof2000.bsky.social,pinkmouse.bsky.social,2
lsamardich.bsky.social,squeakyllama.bsky.social,1
lschmeiser.bsky.social,markhachman.bsky.social,1
lud7emo.bsky.social,moutix2.bsky.social,1
luiscordoba.bsky.social,maralynmaralyn.bsky.social,1
lukevallewrites.bsky.social,awardswatch.bsky.social,1
lulzqurrel.bsky.social,jeffreyb43.bsky.social,1
lurkymclurk.bsky.social,mattielubchansky.com,1
lward1700.bsky.social,jdotj.bsky.social,1
lyndalovon.bsky.social,originalsp.in,1
lyratalise.bsky.social,latinkraken.bsky.social,1
m-uscle.bsky.social,ruchomuscleworship.bsky.social,1
mackdoolin.bsky.social,troublecumsround.bsky.social,1
macydaisy.bsky.social,digforfire.bsky.social,1
macydaisy.bsky.social,gambitlucis.bsky.social,1
macydaisy.bsky.social,ivyinmyheart.bsky.social,1
macydaisy.bsky.social,rachaelcamui.bsky.social,1
macydaisy.bsky.social,ryanwritesgood.bsky.social,1
macydaisy.bsky.social,slimetictacs.bsky.social,1
macydaisy.bsky.social,woketopus.northsky.social,1
madambluestocking.bsky.social,whytetara.bsky.social,1
madamedefargeknits.bsky.social,nytimes.com,1
maddiemwm.bsky.social,hanamimi.bsky.social,1
magikarpolycarp.bsky.social,conradelliot.bsky.social,1
mak506.bsky.social,onethousxndvces.bsky.social,1
makeitvyz.bsky.social,bradytbh.bsky.social,1
mangohime.com,shadowtodd.bsky.social,1
manndaraee.bsky.social,alewatches.bsky.social,1
manycura.bsky.social,alexxremake.eurosky.social,1
mapwitch.bsky.social,alissawilkinson.bsky.social,1
marbicwolf.bsky.social,squallleonshart.bsky.social,1
marco-place.bsky.social,letterboxd.social,1
marcos0902.bsky.social,juankamix.bsky.social,1
mariaaragon64.bsky.social,squeakyllama.bsky.social,1
marinal1411.bsky.social,likeazombie.bsky.social,1
marisbumf.bsky.social,chacofemme.lesbian.cat,1
mark07929.bsky.social,adamrutherford.bsky.social,1
markfreed.bsky.social,cassiarowland.bsky.social,1
markfreed.bsky.social,jameslrennie.bsky.social,1
markfreed.bsky.social,kateallen.ft.com,1
markgaybakes.bsky.social,aaronlara.bsky.social,1
markgaybakes.bsky.social,dirediredocks.bsky.social,1
markgaybakes.bsky.social,northflagay.bsky.social,1
markgaybakes.bsky.social,radplanets.com,2
markgaybakes.bsky.social,rosserford.bsky.social,1
markgaybakes.bsky.social,williamgprince.bsky.social,1
markhachman.bsky.social,lschmeiser.bsky.social,1
markharrison.bsky.social,ethanrunt.bsky.social,1
markobau.bsky.social,bastbuxxx.bsky.social,1
markobau.bsky.social,darkwingmatt.bsky.social,1
markobau.bsky.social,geodrewmi.bsky.social,1
markobau.bsky.social,thegaysapionerd.bsky.social,3
marktierney.com,drewmagary.bsky.social,1
marsikeda.bsky.social,upstating.bsky.social,1
martina47.bsky.social,byron2284.bsky.social,1
martina47.bsky.social,fleerultra.bsky.social,1
marxve.bsky.social,vicky-o-victoria.bsky.social,2
marzipanladyart.bsky.social,rimoluna.bsky.social,1
maserrano.bsky.social,alertadetorrents.bsky.social,2
mat111.bsky.social,squeakyllama.bsky.social,1
matchmyfrequency.bsky.social,lady-of-sorrows.bsky.social,2
mattaiwarrior.bsky.social,squeakyllama.bsky.social,1
mattdean94.bsky.social,cassiarowland.bsky.social,1
mattielubchansky.com,saramchenry.bsky.social,2
mattielubchansky.com,violethour.bsky.social,1
mattmcdiz.bsky.social,fleerultra.bsky.social,1
mattyb123.bsky.social,2intheshinx.bsky.social,1
mattysupreme.bsky.social,dnaforever.bsky.social,1
mattysupreme.bsky.social,glennyfromtheblock.bsky.social,1
maura.bsky.social,thrasherxy.bsky.social,1
maximumfun.org,aduralde.bsky.social,1
mbeaulieu.bsky.social,nymag.com,1
me-nancy.bsky.social,film-authority.bsky.social,2
mechanizedmalice.bsky.social,hexhound.bsky.social,1
megadis13.dissky.com,disneyoldsters.dissky.com,1
megadis13.dissky.com,heatherw25.bsky.social,1
meganhuang.bsky.social,pinkpip.bsky.social,1
megsokay.bsky.social,theferocity.bsky.social,1
meister.bsky.social,hipsterl0s.bsky.social,1
melanieraye89.bsky.social,hereliescorri.bsky.social,2
melissingout.bsky.social,fleerultra.bsky.social,1
melstefaniuk.bsky.social,wormsgreenrealm.bsky.social,1
menseveningwear.bsky.social,captainrodimus.bsky.social,1
meowingbug.bsky.social,azurebee.bsky.social,1
merllo.bsky.social,erudito78.bsky.social,2
metadri.eurosky.social,srviteri.bsky.social,1
methyew.bsky.social,endipendipen.bsky.social,1
mia-ironeyes.northsky.social,theferocity.bsky.social,1
mia-sade.bsky.social,theferocity.bsky.social,1
michaeldrummey.bsky.social,pinkponysub.bsky.social,1
michaelflinn.bsky.social,shadowtodd.bsky.social,1
michaelmccarthy92.bsky.social,migelianope.bsky.social,1
michaelraywilliams.bsky.social,thatsparkles.bsky.social,1
microveldt.bsky.social,squeakyllama.bsky.social,1
midwestjeff.bsky.social,katzish.bsky.social,1
migbeaty.bsky.social,azurebee.bsky.social,1
migelianope.bsky.social,michaelmccarthy92.bsky.social,1
mightymog.bsky.social,macydaisy.bsky.social,1
mightyzim.bsky.social,cassiarowland.bsky.social,1
mikal-el.com,joelskeetsos.bsky.social,1
mikeyjmike.bsky.social,seddieweddie.blacksky.app,2
millenniumasakura.bsky.social,eldritchmoon.love,1
millerfilm.bsky.social,screenrant.bsky.social,1
millie29.bsky.social,silentbrouhaha.bsky.social,1
missjaz96.bsky.social,andryta.bsky.social,1
missrori.bsky.social,davidkuhne.bsky.social,1
missrori.bsky.social,electriceden92.bsky.social,1
mistaketheory.bsky.social,gayofthedead.bsky.social,1
mitchsn.bsky.social,popcrave.com,1
mjwells.bsky.social,cassiarowland.bsky.social,1
mlh414.bsky.social,letterboxd.social,1
mmd11.bsky.social,lolafaglana.bsky.social,1
mockwooloo.bsky.social,blackcatgarden.bsky.social,2
mohawkthebigkahuna.bsky.social,peta.org,1
mohawkthebigkahuna.bsky.social,vegankhan.bsky.social,1
mollyknight.bsky.social,bakesdeb.bsky.social,1
momojes.bsky.social,donmoyn.bsky.social,1
monalisa1979.bsky.social,fakeplasticruby.bsky.social,1
morecords.bsky.social,popcrave.com,1
mostlyteeth.bsky.social,goodboy.bsky.social,1
motoridersd.pug.ninja,aicdoesk.ink,1
motoridersd.pug.ninja,boothoundmcr.bsky.social,1
motoridersd.pug.ninja,joshidotphoto.bsky.social,1
moutix2.bsky.social,lacodefita.bsky.social,3
moutix2.bsky.social,lud7emo.bsky.social,1
moviemanifesto.bsky.social,amanaboutfilm.bsky.social,1
moviepostmortem.bsky.social,vaguelynerdypod.bsky.social,1
mrmartino.bsky.social,squeakyllama.bsky.social,1
mrpaulymac.bsky.social,theferocity.bsky.social,2
mrsantiagus.bsky.social,dmalignus.eurosky.social,1
mrsbobhere.bsky.social,dantebanks.bsky.social,2
mrsivb.bsky.social,cassiarowland.bsky.social,1
mrtoads.bsky.social,ricrus77.bsky.social,1
msash-renee.bsky.social,zeenthecity.bsky.social,1
mslonib.bsky.social,squeakyllama.bsky.social,1
mst3katie.bsky.social,candiceactually.bsky.social,1
mulhertamarindo.bsky.social,reclamarilia.bsky.social,2
mushqoom.bsky.social,bradytbh.bsky.social,1
mutablesoul.bsky.social,idkman159.swifties.social,1
mutablesoul.bsky.social,tfae89.bsky.social,1
myedison.bsky.social,infiniteishq.bsky.social,1
mykel11.bsky.social,apnews.com,1
mynameisryan.bsky.social,jamnpp.bsky.social,1
mynameistyler.bsky.social,yourprettyboy.bsky.social,1
mythghts.bsky.social,the-cigar-girl.blacksky.app,1
n0tf0ll0w.bsky.social,sugarcane99.bsky.social,1
nadiawithaboringj.bsky.social,hleehurley.com,1
nadinewhitney.bsky.social,sethhyneswriter.bsky.social,1
nanaslugdiva.blacksky.app,hereliescorri.bsky.social,2
natecook.bsky.social,kvetch.gay,1
nathannelson.co.uk,paulnuk.eurosky.social,1
naturali.bsky.social,popcrave.com,1
nealshepperson.bsky.social,adamrutherford.bsky.social,1
neverendingjim.bsky.social,ernieluckman.bsky.social,1
newsandcoffee.bsky.social,retronymous.com,1
newyearnewme.bsky.social,sirihallandren.bsky.social,2
niallmurray.bsky.social,sachacoward.bsky.social,1
nicetopatrick.bsky.social,kimbivega.bsky.social,1
nicetopatrick.bsky.social,upstating.bsky.social,1
nickafterdark.bsky.social,almostalt617.bsky.social,1
nickforbrains.bsky.social,feralstreeep.bsky.social,1
nickhasthoughts.com,ericdsnider.bsky.social,1
nickinmasham.bsky.social,samjoshphillips.bsky.social,1
nicktyde.bsky.social,dmmo.bsky.social,2
nicobeast.bsky.social,pinkponysub.bsky.social,3
nightrunner5.bsky.social,venividicringy.eurosky.social,2
nikkipearl.bsky.social,squeakyllama.bsky.social,1
ninas1lva.bsky.social,esthercvtbts.bsky.social,1
ninejackals.bsky.social,1800000burn.hyper.wang,1
nixostorme.bsky.social,baconflatbread.bsky.social,1
nixostorme.bsky.social,vanitycomplex.bsky.social,1
nocowards.bsky.social,rejectionking.bsky.social,1
noctesatticae.com,hleehurley.com,1
noni.bsky.social,macydaisy.bsky.social,1
nonotthatpaul.bsky.social,gravitysra1nbow.bsky.social,1
noorlovelace.bsky.social,theferocity.bsky.social,1
normiecore.bsky.social,alissawilkinson.bsky.social,2
northflagay.bsky.social,markgaybakes.bsky.social,2
notkoze.trashmammal.club,yetyetinu.bsky.social,1
nottracey.bsky.social,nicetopatrick.bsky.social,1
novaksmokabitch.bsky.social,ypbpr.pw,1
nsbooklady.bsky.social,nsdebbi.bsky.social,1
nsdebbi.bsky.social,dartmouthdogs.bsky.social,1
nsdebbi.bsky.social,nsbooklady.bsky.social,1
nsparks.bsky.social,squeakyllama.bsky.social,1
nulltwist.bsky.social,ptklein.com,1
nygem.blacksky.app,litop12.blacksky.app,1
nygem.blacksky.app,lookniimyeyez.bsky.social,1
nzpom.com,lotographia.bsky.social,1
obsidianwalker.bsky.social,cassiarowland.bsky.social,1
often.codes,cassiarowland.bsky.social,1
ohgodwhatdoiput.bsky.social,petrospect.blog,2
oldgirl54.bsky.social,nordacious.bsky.social,1
oldhobbit.bsky.social,cassiarowland.bsky.social,1
omfproductions.bsky.social,jeninmotion.bsky.social,3
omfproductions.bsky.social,jkfecke.bsky.social,2
onetruestephen.bsky.social,gravitysra1nbow.bsky.social,1
onetruestephen.bsky.social,kenmegalopsuxos.bsky.social,1
orangecoloredsky.bsky.social,bttlborn.bsky.social,1
orbette.bsky.social,queerash.bsky.social,1
orca19904.bsky.social,kadath.bsky.social,1
originalsp.in,dcwritermark.bsky.social,1
originalsp.in,lyndalovon.bsky.social,1
originalsp.in,tzemingdynasty.bsky.social,1
ostimejames.bsky.social,tapeworthy.bsky.social,1
ottocr.at,generalboles.bsky.social,2
ourobororoboruo.bsky.social,originalsp.in,2
overstatedpathos.bsky.social,feralstreeep.bsky.social,1
p-no-nwa.bsky.social,davidkuhne.bsky.social,1
pablopablete81.bsky.social,erudito78.bsky.social,1
packers1.bsky.social,pinkmouse.bsky.social,1
pafcakes.bsky.social,glimmerstomp.bsky.social,1
pajamapilots.bsky.social,hailthesun.bsky.social,1
pajamapilots.bsky.social,lady-of-sorrows.bsky.social,2
palindromese.bsky.social,mollyknight.bsky.social,1
palkopalko.bsky.social,generalboles.bsky.social,1
panda359.bsky.social,adamrutherford.bsky.social,1
papalouie.me,philippeaubertcote.bsky.social,1
papaprandabear.bsky.social,yourprettyboy.bsky.social,1
patbarber20.bsky.social,tonymcpan.bsky.social,1
patman.bsky.social,babybillybfyre.bsky.social,1
patman.bsky.social,lisasponaugle.bsky.social,1
patodeborracha.bsky.social,natizilda.art.br,1
patrickwb95.bsky.social,jirachi.bsky.social,1
paulino-gui.bsky.social,caiofall.bsky.social,1
paulnuk.eurosky.social,adamrutherford.bsky.social,1
paulrobertsnhs.bsky.social,cassiarowland.bsky.social,1
pb14.bsky.social,sheepbop.bsky.social,1
pdog11234.bsky.social,sydney-bauer.com,1
pedradaloucura.bsky.social,frankenputo.is-extremely.gay,1
peibolsag.bsky.social,dmalignus.eurosky.social,1
penacolada2293.bsky.social,weekendwarrior.bsky.social,1
pennylyaine.bsky.social,mollyknight.bsky.social,1
peradoce.bsky.social,dailyrunway.bsky.social,1
percivalpenman.bsky.social,mrpaulymac.bsky.social,1
percivalpenman.bsky.social,theferocity.bsky.social,1
peristy.bsky.social,fleerultra.bsky.social,2
permission2bfancy.bsky.social,alissawilkinson.bsky.social,1
petehs.bsky.social,rosserford.bsky.social,1
petemarchetto.bsky.social,ottocr.at,1
petermcunningham.com,abh93.bsky.social,1
petestaiano.com,mattielubchansky.com,1
petrichorca.bsky.social,latinkraken.bsky.social,1
petrospect.blog,ohgodwhatdoiput.bsky.social,2
petrospect.blog,spannerhead.bsky.social,1
pfunksahunk.bsky.social,thirdsandsixths.bsky.social,3
philcox99.bsky.social,sdzdc.bsky.social,1
philcox99.bsky.social,squeakyllama.bsky.social,1
philippeaubertcote.bsky.social,papalouie.me,2
philsbodydouble.bsky.social,stephenstroud.bsky.social,1
pibbs.bsky.social,spotteajj.bsky.social,1
pinchefag.bsky.social,nixostorme.bsky.social,1
pinkbubblewitch.bsky.social,cluniies.bsky.social,3
pinkbubblewitch.bsky.social,madocactus.itch.io,1
pinkmouse.bsky.social,badgerbleu2.bsky.social,1
pinkmouse.bsky.social,csiwriter.bsky.social,3
pinkmouse.bsky.social,lsaclassof2000.bsky.social,2
pinkmouse.bsky.social,packers1.bsky.social,2
pinkmouse.bsky.social,truckerjc.bsky.social,2
pinkpip.bsky.social,meganhuang.bsky.social,1
pinkponysub.bsky.social,alexdualgrey.bsky.social,1
pinkponysub.bsky.social,imaaronrobert.bsky.social,1
pinkponysub.bsky.social,nicobeast.bsky.social,2
pinkponysub.bsky.social,weaselingaround.bsky.social,1
pintassilgoabatido.bsky.social,arrobagaf.bsky.social,1
pipoquer.bsky.social,prettybutshit.bsky.social,1
platinumretriever.eurosky.social,nicetopatrick.bsky.social,1
platonskull.bsky.social,alissawilkinson.bsky.social,1
playsbothsides.bsky.social,carbonmade.bsky.social,2
pocai.bsky.social,cezarfig.bsky.social,1
poeted.blacksky.app,kelleygreene.bsky.social,1
pokhrajroy.bsky.social,sachacoward.bsky.social,1
polly-o.bsky.social,prdnme.bsky.social,1
polly-o.bsky.social,silentbrouhaha.bsky.social,1
polly-o.bsky.social,squeakyllama.bsky.social,2
poordanrichard.com,macydaisy.bsky.social,1
porosensual.bsky.social,andreia-carbonari.bsky.social,1
portablefear.bsky.social,heyjaeee.bsky.social,1
potatofarmer2000.bsky.social,discussingfilm.net,1
pppgrifter.bsky.social,quendergeer.bsky.social,1
prasshant.bsky.social,thehamsterwrangler.bsky.social,2
prasshant.bsky.social,timcampbellvo.bsky.social,1
prdnme.bsky.social,squeakyllama.bsky.social,1
pressingstories.bsky.social,gregoryellwood.bsky.social,1
preston.camera,squeakyllama.bsky.social,1
prettybutshit.bsky.social,pipoquer.bsky.social,1
princeiiro.bsky.social,endipendipen.bsky.social,1
princeiiro.bsky.social,methyew.bsky.social,1
princeiiro.bsky.social,popcrave.com,1
problematick.bsky.social,thetrudz.photo,1
profjpc.bsky.social,fleerultra.bsky.social,1
profmikesell.bsky.social,rezekjoe.bsky.social,1
profsecchi.bsky.social,bedform.org,1
promptslinger.bsky.social,symbo1ics.bsky.social,1
pseudonymice.bsky.social,cassiarowland.bsky.social,1
psjuniorfotos.bsky.social,guimaraujo.bsky.social,1
ptklein.com,breaksthings.bsky.social,1
ptklein.com,doctordom.bsky.social,1
ptklein.com,eepybruh.bsky.social,1
ptklein.com,hairybear65.bsky.social,1
ptklein.com,rezekjoe.bsky.social,1
ptklein.com,silencingtrees.bsky.social,1
ptklein.com,viennabeef.social,1
ptklein.com,watchtvalot.bsky.social,1
puesyanimodo.bsky.social,jonjon85.bsky.social,3
puppygirlchaos.bsky.social,queenrayna1337.bsky.social,2
pyry.lutefisk.online,kvetch.gay,2
qgcampbell.bsky.social,cassiarowland.bsky.social,1
queenief9.bsky.social,anfieldkathy.bsky.social,1
queenoftacos.bsky.social,thelovelygirl.bsky.social,2
queenrayna1337.bsky.social,puppygirlchaos.bsky.social,1
queerash.bsky.social,jordanpfot.bsky.social,1
queerash.bsky.social,jorisbinned.bsky.social,2
queerash.bsky.social,orbette.bsky.social,1
quendergeer.bsky.social,nicetopatrick.bsky.social,1
quennybeep.bsky.social,shadowwyrm.bsky.social,2
questbear.bsky.social,rosserford.bsky.social,1
quiltbunny.bsky.social,squeakyllama.bsky.social,1
quinnassociate.com,prasshant.bsky.social,1
quinoag.bsky.social,vicky-o-victoria.bsky.social,1
rachaelcamui.bsky.social,macydaisy.bsky.social,1
rachelsklar.bsky.social,karenho.bsky.social,2
raconteuse.bsky.social,thrasherxy.bsky.social,1
radplanets.com,markgaybakes.bsky.social,2
rangerdonald.bsky.social,stupidartpunk.bsky.social,1
ratchetology.bsky.social,ccdude8.bsky.social,1
ratstar.bsky.social,sunflowerboy777.bsky.social,1
rattatatouille.bsky.social,gravitysra1nbow.bsky.social,1
realmovieev.bsky.social,gregoryellwood.bsky.social,1
realroffs.bsky.social,mauraquint.bsky.social,1
rebeccas09.bsky.social,cbbeauty2.bsky.social,1
rebelalliance77.bsky.social,sachacoward.bsky.social,1
rebusly.com,contrariannews.org,1
rebusly.com,popcrave.com,1
reclamarilia.bsky.social,mulhertamarindo.bsky.social,2
redfellachris.bsky.social,anfieldkathy.bsky.social,1
redfort.bsky.social,maxxfergus.bsky.social,1
refrag.bsky.social,thecorlew.bsky.social,1
regoneth.bsky.social,glimmerstomp.bsky.social,1
rekati.bsky.social,squeakyllama.bsky.social,1
rembrandtswife.bsky.social,conradelliot.bsky.social,1
renatabsales.bsky.social,andreia-carbonari.bsky.social,2
renattto.bsky.social,guimaraujo.bsky.social,1
renattto.bsky.social,twittzendo.bsky.social,1
renbolger.bsky.social,hereliescorri.bsky.social,4
renrut-mas.bsky.social,thr.com,1
restrainedbob.bsky.social,filmbrainbmb.bsky.social,1
retronymous.com,lordbusinessman.bsky.social,1
rexowo.dev,spikesyndrome.bsky.social,1
rezekjoe.bsky.social,annakornbluh.bsky.social,1
rezekjoe.bsky.social,ptklein.com,1
rezekjoe.bsky.social,roopikarisam.bsky.social,1
rhea.art,symbo1ics.bsky.social,1
richardcoops.bsky.social,chrsphr.uk,1
rickhammertime.bsky.social,libbotomy.bsky.social,2
ricowtta.bsky.social,boxofhamsters.bsky.social,1
ricrus77.bsky.social,aishamcnamara.bsky.social,1
ricrus77.bsky.social,karu1402.bsky.social,1
ricrus77.bsky.social,mrtoads.bsky.social,1
ricrus77.bsky.social,therichastill.bsky.social,1
ricrus77.bsky.social,treesandtrees.bsky.social,1
ricrus77.bsky.social,winch72.bsky.social,3
rifka.bsky.social,hleehurley.com,1
rigg3nbachi.bsky.social,mattielubchansky.com,1
righttobehorny.bsky.social,littlestpersimmon.bsky.social,1
rikabel69.bsky.social,thejlm.bsky.social,1
rilaws.bsky.social,joereid.bsky.social,1
rimoluna.bsky.social,marzipanladyart.bsky.social,1
rinabina.bsky.social,aduralde.bsky.social,1
ritorres.bsky.social,chrisrantin.bsky.social,1
rlnotstine.bsky.social,fleerultra.bsky.social,1
rmathematicus.bsky.social,adamrutherford.bsky.social,1
rmuird.bsky.social,dantebanks.bsky.social,1
robedwards1.bsky.social,gavenkind.bsky.social,1
robertsecundus.bsky.social,simonm223.bsky.social,2
robertsecundus.bsky.social,timprice.bsky.social,3
robrecker.bsky.social,daddysahole.bsky.social,1
rockinchimp.bsky.social,hleehurley.com,1
rodinal.bsky.social,fleerultra.bsky.social,1
roguetime.bsky.social,tummy-aches.bsky.social,1
rokey.bsky.social,squeakyllama.bsky.social,1
rollingthunder7.bsky.social,macydaisy.bsky.social,1
roopikarisam.bsky.social,rezekjoe.bsky.social,2
rosemary.world,mattielubchansky.com,1
rosemmalove.bsky.social,floridaman.bsky.social,1
rosserford.bsky.social,josephexists.bsky.social,1
rosserford.bsky.social,kenjimallon.bsky.social,1
rowanacrump.bsky.social,filmbrainbmb.bsky.social,1
rscook.bsky.social,nytimes.com,1
rsquared.bsky.social,fleerultra.bsky.social,1
ruthescajeda.bsky.social,fleerultra.bsky.social,1
ryanjamesdee.bsky.social,breathofthewild82.bsky.social,1
ryanjapan743.bsky.social,gravitysra1nbow.bsky.social,2
ryanlohner.bsky.social,hereliescorri.bsky.social,1
ryanwritesgood.bsky.social,macydaisy.bsky.social,1
s-griobhtha.bsky.social,irishstar.com,1
sabro.bsky.social,thegat0.bsky.social,1
sachacoward.bsky.social,thebadness.bsky.social,1
sacpedrohs.bsky.social,shadowtodd.bsky.social,1
sadieseduskie.bsky.social,tklv.bsky.social,1
sally312.bsky.social,kikkiplanet.bsky.social,1
samantha42.bsky.social,dresdencodak.com,1
samanthaballent.bsky.social,juankamix.bsky.social,1
samanthasearrings.bsky.social,aliceolilly.bsky.social,1
samanthasearrings.bsky.social,cassiarowland.bsky.social,1
samdolan.bsky.social,cassiarowland.bsky.social,1
samjoshphillips.bsky.social,nickinmasham.bsky.social,1
sammie.gay,incision.site,1
samwell-slughorn.bsky.social,apnews.com,1
sandromergvaz.bsky.social,jheniamnd.bsky.social,1
sarablake.bsky.social,kvetch.gay,1
sarafoss.bsky.social,davidkuhne.bsky.social,2
saramchenry.bsky.social,mattielubchansky.com,2
sardonic-j.bsky.social,outerpanda.bsky.social,1
sarthathepuppy.bsky.social,hexhound.bsky.social,1
savagelure.bsky.social,theferocity.bsky.social,1
scarletteharris.bsky.social,saraclements.bsky.social,1
schmanthonyp.bsky.social,trappedinazorb.bsky.social,1
sciencesloth.bsky.social,gravitysra1nbow.bsky.social,1
scotgalalex.bsky.social,latinkraken.bsky.social,1
scottlapstra.bsky.social,kikkiplanet.bsky.social,1
scoundril.bsky.social,fleerultra.bsky.social,1
screamingdeadbody.bsky.social,captainmcwow.bsky.social,1
scruffygaydc.bsky.social,everyfilmnow.bsky.social,1
scruffygaydc.bsky.social,imaginarygaychart.bsky.social,1
scruffygaydc.bsky.social,popcrave.com,1
sdzdc.bsky.social,ladyfoxglove93.bsky.social,1
sdzdc.bsky.social,mattaiwarrior.bsky.social,1
sdzdc.bsky.social,philcox99.bsky.social,2
sdzdc.bsky.social,squeakyllama.bsky.social,1
seanhoyer.bsky.social,jessicamosby.bsky.social,1
seasthemoment.bsky.social,squeakyllama.bsky.social,1
sebastienlabelle.bsky.social,friendlywraith.bsky.social,2
sebastienlabelle.bsky.social,joodlehead.bsky.social,1
sebright.bsky.social,guabilang.bsky.social,1
sebright.bsky.social,idajo.bsky.social,1
sebright.bsky.social,popcrave.com,1
secretman11.bsky.social,kelleygreene.bsky.social,1
seddieweddie.blacksky.app,mikeyjmike.bsky.social,1
seejaneread.bsky.social,symbo1ics.bsky.social,1
sensasian.bsky.social,bobby1998.bsky.social,1
ses67.bsky.social,danielsohege.bsky.social,1
sethhyneswriter.bsky.social,nadinewhitney.bsky.social,1
sfannie53.bsky.social,squeakyllama.bsky.social,1
shadda.bsky.social,uncannyrodders.bsky.social,1
shadowtodd.bsky.social,southernman48.bsky.social,1
shadowwyrm.bsky.social,quennybeep.bsky.social,1
shadyboots81.bsky.social,ebcollis.bsky.social,1
shanavwhite.blacksky.app,thetrudz.photo,2
shebjammin.blacksky.app,labeautenoire3.bsky.social,1
shebjammin.blacksky.app,moreandagain.me,1
sheepbop.bsky.social,pb14.bsky.social,2
sheriffofgay.bsky.social,himbonotes.bsky.social,3
sherylcrowbar.bsky.social,popcrave.com,1
shesbadass.blacksky.app,percivalpenman.bsky.social,1
shetlandaidan.bsky.social,glimmerstomp.bsky.social,1
shipatadistance.bsky.social,camcron.bsky.social,2
shirleystanson.bsky.social,rosserford.bsky.social,1
shnopsdejesus.bsky.social,afishcalledwanda.bsky.social,1
shoren18.bsky.social,jedijoe.bsky.social,1
shropshireslasher.bsky.social,pinkponysub.bsky.social,1
sigill.bsky.social,gravitysra1nbow.bsky.social,1
silencingtrees.bsky.social,ptklein.com,2
silentbrouhaha.bsky.social,squeakyllama.bsky.social,1
silverandblonde.bsky.social,anjaciske.bsky.social,2
silverduke.bsky.social,anfieldkathy.bsky.social,1
simon.insanity.tube,sachacoward.bsky.social,1
simonm223.bsky.social,robertsecundus.bsky.social,2
simonywaking.bsky.social,cassiarowland.bsky.social,1
sincerelyvmc.bsky.social,russellwrites.bsky.social,1
sinnamonlove.blacksky.app,sinnamonscouture.bsky.social,1
siobhandowling.bsky.social,cethanleahy.com,1
siperlywhenwet.bsky.social,ptklein.com,1
sirihallandren.bsky.social,mollyknight.bsky.social,1
sirihallandren.bsky.social,newyearnewme.bsky.social,2
skeletoninside.bsky.social,apnews.com,1
skullgraves.eurosky.social,venividicringy.eurosky.social,1
skyfatherwolf.bsky.social,kelleygreene.bsky.social,1
sleepypilots.bsky.social,lady-of-sorrows.bsky.social,1
slimetictacs.bsky.social,macydaisy.bsky.social,1
sloanelysbeth.bsky.social,lottelydia.bsky.social,1
smiler1983.bsky.social,pjr2.bsky.social,1
smillapanfur.bsky.social,film-authority.bsky.social,2
smokeandwax.bsky.social,cassiarowland.bsky.social,1
smokyburnout.bsky.social,jfruh.bsky.social,1
smolcatdad.com,hexhound.bsky.social,2
smollestbunny2.bsky.social,lotographia.bsky.social,1
smread.bsky.social,gavia.bsky.social,2
snhoj.bsky.social,harbingerofchaos.bsky.social,1
snipy.bsky.social,feralstreeep.bsky.social,1
softmossdog.bsky.social,asterionhex.monster,2
solpadeine.bsky.social,gilesyb.bsky.social,1
sombramapache.bsky.social,ensigncelery.bsky.social,1
someothercow.bsky.social,squeakyllama.bsky.social,1
sorryforlaughing.bsky.social,electriceden92.bsky.social,1
southernman48.bsky.social,jeffreyb43.bsky.social,2
southlondongay.bsky.social,rezekjoe.bsky.social,1
spannerhead.bsky.social,petrospect.blog,2
sparklecinnabubz.bsky.social,alishaspillswine.bsky.social,1
speccytwat.bsky.social,ricardoautobahn.co.uk,1
spectralspade.org,lewiru.bsky.social,1
spectralspade.org,sulemiomercury.butchsky.social,1
spikesyndrome.bsky.social,hleehurley.com,1
spkheller.bsky.social,allisonkilkenny.bsky.social,1
splodey.bsky.social,rosserford.bsky.social,1
spooks-mcgee.bsky.social,fleerultra.bsky.social,1
spritedear.bsky.social,ebcollis.bsky.social,1
sprocketsdance.bsky.social,ooklah.bsky.social,1
spryoldlorax.bsky.social,jeninmotion.bsky.social,1
spryoldlorax.bsky.social,jkfecke.bsky.social,1
squeakyllama.bsky.social,aoife-rose.bsky.social,1
squeakyllama.bsky.social,polly-o.bsky.social,1
squeakyllama.bsky.social,prdnme.bsky.social,1
stan-fresh.bsky.social,gavia.bsky.social,1
starf1re.bsky.social,starmanani.bsky.social,1
starf1re.bsky.social,vampiregrin.bsky.social,1
starlady38.bsky.social,ahab.bsky.social,1
starmanani.bsky.social,starf1re.bsky.social,1
starmanjack43.bsky.social,cassiarowland.bsky.social,1
stateofthecity.bsky.social,cassiarowland.bsky.social,1
stefanosalvatore.bsky.social,mark151.bsky.social,1
stephaniejane.bsky.social,hleehurley.com,2
stephaniekoons.bsky.social,us.theconversation.com,1
stephenarussell.bsky.social,hristaki.bsky.social,1
stephendaedalus.bsky.social,cjsprigman.bsky.social,1
stephenstroud.bsky.social,philsbodydouble.bsky.social,1
stevebrycegames.bsky.social,squeakyllama.bsky.social,1
stevekend33.bsky.social,sunkissedpeaks.bsky.social,1
steveschulist.bsky.social,apnews.com,1
steviestevew.bsky.social,cassiarowland.bsky.social,1
storyaddict.bsky.social,abundantmischief.bsky.social,1
strangernalps.bsky.social,sydney-bauer.com,1
stuartitter.bsky.social,nytimes.com,1
sulemiomercury.butchsky.social,spectralspade.org,1
sulkirk.bsky.social,dr0girl.bsky.social,1
sullydaysleeper.bsky.social,deshocks.bsky.social,3
sunflowerboy777.bsky.social,benjwey.bsky.social,1
sunkissedpeaks.bsky.social,bigjohn8.bsky.social,1
sunkissedpeaks.bsky.social,cathectic.bsky.social,1
sunkissedpeaks.bsky.social,stevekend33.bsky.social,1
supermanumolina.bsky.social,fran.pw,1
susabelle84.bsky.social,apnews.com,1
swissepfan.bsky.social,fakeplasticruby.bsky.social,3
sydney-bauer.com,cuntleyjune.bsky.social,1
symbo1ics.bsky.social,8bithe.art,1
symbo1ics.bsky.social,dynode.eurosky.social,1
symbo1ics.bsky.social,rhea.art,1
symbo1ics.bsky.social,tiredbit.ch,1
t-hebaron.bsky.social,pupwintermpls.bsky.social,1
taastee.blacksky.app,labeautenoire3.bsky.social,1
tacos-in-denver.bsky.social,chicagotribune.com,1
tania-w.bsky.social,adamrutherford.bsky.social,1
tapeworthy.bsky.social,ostimejames.bsky.social,2
teapotrabbit.bsky.social,coreyg2.bsky.social,1
teapotrabbit.bsky.social,dria.bsky.social,1
teflondub.bsky.social,originalsp.in,1
texasgypsi.bsky.social,squeakyllama.bsky.social,1
tfae89.bsky.social,idkman159.swifties.social,1
tfae89.bsky.social,mutablesoul.bsky.social,3
tferrer.journa.host.ap.brid.gy,eleder.frikiverse.zone.ap.brid.gy,1
thatmanglenn.bsky.social,apnews.com,1
thatsparkles.bsky.social,squeakyllama.bsky.social,1
the-cigar-girl.blacksky.app,labeautenoire3.bsky.social,1
the-cigar-girl.blacksky.app,mythghts.bsky.social,1
the-cigar-girl.blacksky.app,zeenthecity.bsky.social,2
the-ill.bsky.social,clapifyoulikeme.favrd.social,1
theagelessbro.bsky.social,theferocity.bsky.social,1
thebadness.bsky.social,sachacoward.bsky.social,2
thecalebrogers.bsky.social,squeakyllama.bsky.social,1
thecatgang3.bsky.social,film-authority.bsky.social,1
thecreweofthefancy.bsky.social,squeakyllama.bsky.social,1
thedivinekid.blacksky.app,thebagisyourscoach.bsky.social,1
thefatfryer.bsky.social,gilesyb.bsky.social,1
theferocity.bsky.social,heyjaeee.bsky.social,1
theferocity.bsky.social,megsokay.bsky.social,1
theferocity.bsky.social,mia-ironeyes.northsky.social,1
theferocity.bsky.social,mrpaulymac.bsky.social,1
theferocity.bsky.social,savagelure.bsky.social,1
theferocity.bsky.social,tomandlorenzo.bsky.social,1
thefoodandwinediva.bsky.social,squeakyllama.bsky.social,1
thegat0.bsky.social,sabro.bsky.social,2
thegaysapionerd.bsky.social,markobau.bsky.social,4
thegirlpie.bsky.social,outonthemoors.bsky.social,1
thehamsterwrangler.bsky.social,prasshant.bsky.social,2
thejaimewoo.bsky.social,karenho.bsky.social,1
thejlm.bsky.social,rikabel69.bsky.social,1
thejrocktv.bsky.social,jmill26.bsky.social,2
thelittleoutsider.neocities.org,lady-of-sorrows.bsky.social,2
thelovelygirl.bsky.social,queenoftacos.bsky.social,3
theluckysharms.bsky.social,glitterburrito.bsky.social,2
themilesturner.bsky.social,cassiarowland.bsky.social,1
thenowofmylife.bsky.social,undeadrobins.bsky.social,1
therichastill.bsky.social,ricrus77.bsky.social,1
theroundedman.bsky.social,dianaaceves.com,1
therpgenius.bsky.social,macydaisy.bsky.social,1
theswiftalchemy.swifties.social,hitmypeakat7ft.swifties.social,1
thetrudz.photo,problematick.bsky.social,1
thetrudz.photo,shanavwhite.blacksky.app,1
thevoidvvitch.bsky.social,popcrave.com,1
thib-ad.bsky.social,viennabeef.social,1
thirdsandsixths.bsky.social,keithgdesigns.bsky.social,3
thirdsandsixths.bsky.social,pfunksahunk.bsky.social,3
thirdsandsixths.bsky.social,pjr2.bsky.social,1
thomasaeons.bsky.social,letterboxd.social,1
thomasfelpersham.bsky.social,cassiarowland.bsky.social,1
thomasig.bsky.social,jorisbinned.bsky.social,1
thrasherxy.bsky.social,finalgirlboss.bsky.social,1
threnody.northsky.social,mattielubchansky.com,1
thrillhousegaming.bsky.social,macydaisy.bsky.social,1
ticoqrouge.bsky.social,uncannyrodders.bsky.social,1
timcampbellvo.bsky.social,prasshant.bsky.social,1
timprice.bsky.social,robertsecundus.bsky.social,3
timwil014.bsky.social,rilaws.bsky.social,1
tinamur.bsky.social,silentbrouhaha.bsky.social,1
tinpottop.bsky.social,floridaman.bsky.social,1
tiredbit.ch,symbo1ics.bsky.social,1
tklv.bsky.social,d2kemps.bsky.social,1
toad.city,aliafonzy.blacksky.app,1
tofuhama.bsky.social,squeakyllama.bsky.social,1
tomandlorenzo.bsky.social,theferocity.bsky.social,1
tomarmbruster.bsky.social,daviddaniel.bsky.social,1
tombtegtmeyer.bsky.social,jfruh.bsky.social,1
tomilaffly.bsky.social,brucerfeldman.bsky.social,1
tone7x20.bsky.social,ricardoautobahn.co.uk,1
tonymcpan.bsky.social,finnhoya.bsky.social,1
tonymcpan.bsky.social,patbarber20.bsky.social,1
tootru.bsky.social,thrasherxy.bsky.social,1
topherbrennan.bsky.social,fleerultra.bsky.social,1
traitor45.bsky.social,kikkiplanet.bsky.social,1
trappedinazorb.bsky.social,wormsgreenrealm.bsky.social,1
travelswithbrindle.bsky.social,electriceden92.bsky.social,1
travisfazekas.bsky.social,untitleduser.bsky.social,1
treesandtrees.bsky.social,benwritesthings.bsky.social,1
treesandtrees.bsky.social,ricrus77.bsky.social,1
treesofgreen.bsky.social,film-authority.bsky.social,1
trishmelbourne.bsky.social,louis88.bsky.social,1
trollyman.bsky.social,anntastic.bsky.social,2
tropkickthunder.bsky.social,thirdsandsixths.bsky.social,1
truckerjc.bsky.social,pinkmouse.bsky.social,2
ttrenae.bsky.social,vintagewingnut.bsky.social,1
tummy-aches.bsky.social,squeakyllama.bsky.social,1
turgidjacobian.bsky.social,aftermark.bsky.social,1
tydyethefly.blacksky.app,prdnme.bsky.social,1
tylercoates.bsky.social,jayasaxena.com,1
tylersapp.bsky.social,letterboxd.social,1
tyrotcm.bsky.social,anthrotechana.bsky.social,1
tzemingdynasty.bsky.social,originalsp.in,2
umaenot.bsky.social,alissawilkinson.bsky.social,1
uncanny305.bandcamp.com,akelacooper.bsky.social,2
uncannyrodders.bsky.social,nixostorme.bsky.social,1
uncannyrodders.bsky.social,shadda.bsky.social,1
uncle6.org,lschmeiser.bsky.social,1
undeadrobins.bsky.social,thenowofmylife.bsky.social,1
uneasywriter.bsky.social,polly-o.bsky.social,1
unimonsterfanboy.bsky.social,mollyknight.bsky.social,1
unplannedrebel.bsky.social,pinkponysub.bsky.social,1
upstating.bsky.social,nicetopatrick.bsky.social,1
upvotegreyhounds.bsky.social,film-authority.bsky.social,4
urban.bsky.social,ptklein.com,1
userhandletk.bsky.social,moviessilently.bsky.social,1
vaiamrda.bsky.social,ourobororoboruo.bsky.social,1
val250263.bsky.social,guimaraujo.bsky.social,2
vampiregrin.bsky.social,starf1re.bsky.social,1
vanderdecken.bsky.social,sachacoward.bsky.social,1
vange-r.bsky.social,dianaaceves.com,2
vanitycomplex.bsky.social,nixostorme.bsky.social,1
vanlighet.bsky.social,squeakyllama.bsky.social,1
vaudindavid.bsky.social,emilycgb.bsky.social,1
vegankhan.bsky.social,mohawkthebigkahuna.bsky.social,1
velcroypelusa.eurosky.social,erudito78.bsky.social,2
veleda-k.bsky.social,crabbyaf.bsky.social,1
venividicringy.eurosky.social,nightrunner5.bsky.social,1
veronicasam13.bsky.social,traitor45.bsky.social,1
vexed-patriarch.bsky.social,batgirldeb.bsky.social,1
vibelikethat13.bsky.social,mutablesoul.bsky.social,1
vicky-o-victoria.bsky.social,marxve.bsky.social,2
victoriangothic.bsky.social,livesantacruz.bsky.social,1
victorieux.bsky.social,vulnicura-jc.bsky.social,1
victoriousyankee.bsky.social,terrorflix2.bsky.social,1
vidalporter.bsky.social,daddysahole.bsky.social,1
viennabeef.social,chrissayshi.bsky.social,1
viennabeef.social,ptklein.com,2
vincent.northsky.social,hannahswiv.bsky.social,1
viniciusoficial.bsky.social,bttlborn.bsky.social,1
vintagewingnut.bsky.social,ttrenae.bsky.social,1
violethour.bsky.social,mattielubchansky.com,1
vuintrieri.bsky.social,claudinhabc.bsky.social,1
vulnicura-jc.bsky.social,victorieux.bsky.social,1
wandaapologist.bsky.social,letterboxd.social,1
waningibbous.bsky.social,conorsen.bsky.social,1
wannabee80.bsky.social,hotbbui.bsky.social,1
wardo188.bsky.social,wrenispinkle.bsky.social,1
warnkekim.bsky.social,kikkiplanet.bsky.social,1
warrenterra.bsky.social,clapifyoulikeme.favrd.social,1
watchtvalot.bsky.social,boykelly13.bsky.social,2
watchtvalot.bsky.social,ptklein.com,2
wayfarerone.bsky.social,squeakyllama.bsky.social,1
wbramos.bsky.social,guimaraujo.bsky.social,1
weaselingaround.bsky.social,pinkponysub.bsky.social,1
weekendwarrior.bsky.social,djksays.bsky.social,1
wesburdine.bsky.social,johnmaddening.bsky.social,1
wetasspword.bsky.social,gregoryellwood.bsky.social,1
whatsforlynch.bsky.social,alissawilkinson.bsky.social,2
whattheshea.bsky.social,karenho.bsky.social,1
whenwillcarmen.bsky.social,mutablesoul.bsky.social,1
which-witch-ru.bsky.social,popcrave.com,1
whimsy.pikachannel.xyz,sangrium.is-extremely.gay,1
whiskeyandwry.bsky.social,gravitysra1nbow.bsky.social,1
whiskeyandwry.bsky.social,xanderoconnor.bsky.social,1
whoblue.bsky.social,frizfrizzle.bsky.social,1
whodiss.bsky.social,skyfatherwolf.bsky.social,1
wildsown.bsky.social,bluetit24.bsky.social,1
willbdoubtful.bsky.social,fleerultra.bsky.social,1
williamgprince.bsky.social,markgaybakes.bsky.social,1
willian1975.bsky.social,jumancin.bsky.social,1
willis-paints.bsky.social,bara.bsky.social,2
winch72.bsky.social,ricrus77.bsky.social,4
wingardiummleviosa.bsky.social,popcrave.com,1
wlwversion.bsky.social,marisbumf.bsky.social,1
woahpenny.bsky.social,avaonline.bsky.social,1
woketopus.northsky.social,macydaisy.bsky.social,1
womanoftheyear.bsky.social,kikkiplanet.bsky.social,1
workofwrestling.bsky.social,flickerbucket.bsky.social,1
wrenispinkle.bsky.social,wardo188.bsky.social,1
xanderoconnor.bsky.social,lordbusinessman.bsky.social,1
xanderoconnor.bsky.social,whiskeyandwry.bsky.social,2
xnrock.bsky.social,funkelly.bsky.social,2
xraynaqueen.bsky.social,prdnme.bsky.social,1
xraynaqueen.bsky.social,ratchetology.bsky.social,1
xw8c.bsky.social,jdotj.bsky.social,1
y2skot.bsky.social,karenkburrows.bsky.social,1
yakuzajohn.bsky.social,clapifyoulikeme.favrd.social,1
yanygal.bsky.social,squeakyllama.bsky.social,1
yasminp14.bsky.social,luizhgomes.bsky.social,1
yaswinart.com.br,andreia-carbonari.bsky.social,1
yetyetinu.bsky.social,notkoze.trashmammal.club,3
youcaughtscott.com,antlerlad.bsky.social,1
yuweiquan.bsky.social,originalsp.in,1
zacharylesser.bsky.social,adamzucker.bsky.social,1
zamyoculca.bsky.social,hynkel.bsky.social,1
zeenthecity.bsky.social,msash-renee.bsky.social,1
zeenthecity.bsky.social,the-cigar-girl.blacksky.app,1
zerocrossing.bsky.social,gregoryellwood.bsky.social,1
zerosjb.bsky.social,erudito78.bsky.social,2
zerosjb.bsky.social,lobosificado.bsky.social,1
zoomzeta.blackskycomra.de,deepfocusreview.bsky.social,2
zrau.bsky.social,glitterburrito.bsky.social,1
zuegex.bsky.social,filmbrainbmb.bsky.social,1
zusteriris.bsky.social,nytimes.com,1
zyfez.bsky.social,karinafjp.bsky.social,1
zytgst.bsky.social,juliancampos.bsky.social,4
